DATE,MAX_TEMPERATURE_C,MIN_TEMPERATURE_C,WINDSPEED_MAX_KMH,TEMPERATURE_MORNING_C,TEMPERATURE_NOON_C,TEMPERATURE_EVENING_C,PRECIP_TOTAL_DAY_MM,HUMIDITY_MAX_PERCENT,VISIBILITY_AVG_KM,PRESSURE_MAX_MB,CLOUDCOVER_AVG_PERCENT,HEATINDEX_MAX_C,DEWPOINT_MAX_C,WINDTEMP_MAX_C,WEATHER_CODE_MORNING,WEATHER_CODE_NOON,WEATHER_CODE_EVENING,TOTAL_SNOW_MM,UV_INDEX,SUNHOUR,OPINION
2017-09-01,22,17,9,14,21,17,0.5,61,9.75,1021,25.625,24,11,18,116,113,113,0.0,5,11.6,météo favorable
2017-09-02,20,17,13,13,20,17,0.2,59,10.0,1022,17.25,21,10,18,113,113,113,0.0,5,11.6,météo favorable
2017-09-03,21,18,12,13,20,18,0.6,60,9.375,1020,39.0,21,12,18,113,116,122,0.0,5,9.1,météo favorable
2017-09-04,23,19,13,16,23,22,0.2,67,10.0,1017,75.5,25,16,19,122,119,119,0.0,4,6.6,météo défavorable
2017-09-05,21,18,18,18,21,21,0.2,74,10.0,1019,73.875,24,17,21,116,122,122,0.0,6,6.6,météo défavorable
2017-09-06,18,16,17,15,18,17,0.0,67,10.0,1022,63.125,19,13,16,116,119,122,0.0,5,7.8,météo correcte
2017-09-07,18,16,14,13,18,18,0.1,71,10.0,1021,56.75,19,11,16,119,119,119,0.0,5,9.1,météo correcte
2017-09-08,18,16,26,15,17,17,6.2,83,9.625,1014,89.125,18,14,16,122,122,122,0.0,5,6.5,météo défavorable
2017-09-09,18,15,18,13,17,15,0.4,73,10.0,1004,50.0,18,12,15,119,116,113,0.0,3,10.3,météo favorable
2017-09-10,19,15,20,11,18,17,0.0,72,10.0,1007,49.875,19,11,16,116,116,119,0.0,4,9.0,météo favorable
2017-09-11,18,15,27,13,17,16,1.5,66,9.75,1005,52.5,18,12,13,116,116,116,0.0,4,11.6,météo favorable
2017-09-12,18,15,22,11,18,16,0.0,69,10.0,1012,38.5,19,10,15,116,113,116,0.0,4,11.6,météo favorable
2017-09-13,18,15,30,18,18,15,17.6,86,8.875,1009,86.75,18,14,14,122,119,122,0.0,4,6.4,météo très défavorable
2017-09-14,17,13,28,11,16,14,0.7,68,9.25,1016,43.5,17,10,10,119,116,113,0.0,4,11.6,météo correcte
2017-09-15,17,13,12,9,17,13,0.6,67,10.0,1015,36.375,18,9,13,113,116,119,0.0,4,10.3,météo correcte
2017-09-16,17,13,8,9,15,13,0.3,66,9.875,1013,34.75,17,8,14,116,116,116,0.0,4,11.6,météo correcte
2017-09-17,17,13,8,9,16,13,0.8,69,10.0,1016,55.25,17,8,14,116,119,113,0.0,4,8.9,météo correcte
2017-09-18,17,13,14,9,17,13,2.6,72,9.875,1019,23.375,17,9,13,113,113,116,0.0,4,11.6,météo correcte
2017-09-19,17,13,11,11,16,14,0.3,72,10.0,1023,54.75,18,9,13,122,116,113,0.0,4,8.9,météo correcte
2017-09-20,18,14,9,10,18,15,0.0,64,10.0,1024,28.375,19,10,16,113,119,116,0.0,4,8.8,météo correcte
2017-09-21,20,15,12,10,19,16,0.0,58,10.0,1020,8.375,24,9,16,113,113,113,0.0,5,11.6,météo favorable
2017-09-22,20,16,8,12,18,16,0.1,76,10.0,1024,23.375,21,12,16,116,116,113,0.0,5,10.2,météo favorable
2017-09-23,20,15,7,11,19,16,0.0,68,10.0,1024,20.375,24,11,16,113,113,113,0.0,4,11.6,météo favorable
2017-09-24,23,17,10,12,21,18,0.0,68,10.0,1021,12.625,25,12,18,113,113,113,0.0,5,11.6,météo favorable
2017-09-25,21,17,7,14,20,18,0.0,67,9.875,1020,49.25,24,13,18,116,200,116,0.0,5,8.8,météo correcte
2017-09-26,21,17,4,15,21,18,0.0,73,10.0,1022,50.25,25,14,18,119,116,113,0.0,4,11.6,météo favorable
2017-09-27,21,17,10,13,19,18,0.0,71,10.0,1022,30.5,24,13,18,116,116,113,0.0,5,11.6,météo favorable
2017-09-28,20,17,10,16,19,18,0.0,74,10.0,1022,59.25,20,13,18,122,122,116,0.0,5,7.4,météo correcte
2017-09-29,25,20,14,16,24,20,2.2,71,10.0,1022,38.875,26,16,21,113,113,119,0.0,5,10.2,météo favorable
2017-09-30,19,15,12,14,18,16,0.9,72,8.75,1020,57.125,19,15,14,122,113,116,0.0,4,11.6,météo correcte
2017-10-01,15,14,20,14,14,15,1.2,83,7.0,1020,90.875,15,13,12,119,122,122,0.0,3,5.9,météo défavorable
2017-10-02,18,17,19,16,18,18,0.0,80,10.0,1019,96.375,18,15,17,122,122,122,0.0,4,5.9,météo défavorable
2017-10-03,18,14,13,11,17,14,2.5,67,9.875,1027,24.875,21,11,15,113,113,113,0.0,3,11.6,météo favorable
2017-10-04,18,14,12,10,17,14,0.0,62,10.0,1027,17.625,19,8,14,116,113,113,0.0,4,11.6,météo favorable
2017-10-05,16,14,22,11,16,14,0.0,83,10.0,1022,35.375,17,13,13,113,122,113,0.0,4,8.7,météo correcte
2017-10-06,12,11,10,10,11,12,0.0,71,10.0,1028,11.375,13,8,12,113,113,113,0.0,4,11.6,météo défavorable
2017-10-07,16,12,18,8,16,14,0.3,67,9.0,1028,39.25,16,9,11,113,113,122,0.0,4,8.7,météo correcte
2017-10-08,16,14,8,13,16,14,0.7,84,10.0,1022,72.75,16,12,14,122,119,119,0.0,4,5.6,météo défavorable
2017-10-09,18,14,9,10,17,15,0.0,67,10.0,1022,49.625,19,10,15,113,113,122,0.0,3,10.1,météo favorable
2017-10-10,17,15,12,14,16,15,0.4,79,10.0,1020,85.375,17,13,15,122,122,119,0.0,3,5.5,météo défavorable
2017-10-11,19,15,19,13,18,16,0.1,74,10.0,1020,45.25,20,11,15,116,116,116,0.0,4,10.1,météo favorable
2017-10-12,20,17,16,14,20,17,0.2,76,9.875,1025,44.625,20,13,17,119,119,113,0.0,4,10.1,météo correcte
2017-10-13,21,17,7,13,20,17,0.0,77,10.0,1027,11.125,25,14,18,113,113,113,0.0,5,11.0,météo favorable
2017-10-14,22,17,7,13,21,18,0.0,70,10.0,1027,2.625,26,15,19,113,113,113,0.0,5,10.9,météo favorable
2017-10-15,23,17,14,13,22,19,0.0,67,10.0,1024,3.875,25,14,19,113,113,113,0.0,5,10.9,météo favorable
2017-10-16,25,19,15,16,23,20,0.0,65,10.0,1022,6.25,26,15,20,113,113,113,0.0,5,10.5,météo idéale
2017-10-17,23,17,7,14,21,19,0.0,74,10.0,1023,7.25,26,17,19,113,113,113,0.0,5,10.4,météo favorable
2017-10-18,21,17,13,14,20,17,0.0,71,10.0,1015,15.25,24,14,18,113,116,116,0.0,5,10.4,météo favorable
2017-10-19,21,17,26,15,21,17,0.0,66,10.0,1011,31.625,21,12,18,119,113,116,0.0,5,10.4,météo favorable
2017-10-20,17,14,24,12,16,14,3.6,62,9.75,1015,16.125,17,12,12,113,113,113,0.0,4,10.3,météo correcte
2017-10-21,17,14,28,15,17,14,0.4,60,10.0,1015,43.25,17,12,12,122,119,113,0.0,5,10.0,météo correcte
2017-10-22,13,11,27,10,13,11,0.1,67,10.0,1021,72.875,13,7,9,119,119,122,0.0,4,6.7,météo défavorable
2017-10-23,14,12,15,11,13,13,0.5,84,8.0,1023,80.875,14,12,10,119,119,122,0.0,3,5.1,météo défavorable
2017-10-24,19,15,12,14,18,16,0.5,91,9.0,1024,80.625,19,15,14,122,122,116,0.0,4,6.7,météo défavorable
2017-10-25,19,15,11,13,18,15,0.0,83,10.0,1025,25.375,21,15,15,116,113,113,0.0,5,10.2,météo favorable
2017-10-26,18,14,5,11,17,14,0.0,76,10.0,1026,23.875,21,13,14,113,113,122,0.0,4,10.0,météo favorable
2017-10-27,16,12,15,12,16,12,0.0,79,10.0,1034,35.125,16,11,12,122,116,116,0.0,4,10.1,météo correcte
2017-10-28,14,11,18,8,14,11,0.0,78,10.0,1033,42.5,14,9,9,116,116,119,0.0,4,10.0,météo correcte
2017-10-29,14,11,18,13,14,11,0.0,84,10.0,1025,84.0,14,11,9,122,122,116,0.0,3,6.7,météo défavorable
2017-10-30,12,9,13,7,12,9,0.0,71,10.0,1030,15.5,12,7,9,113,116,113,0.0,3,10.0,météo défavorable
2017-10-31,12,8,3,5,12,9,0.0,71,10.0,1030,14.625,13,5,10,113,113,113,0.0,3,10.0,météo défavorable
2017-11-01,14,9,10,6,13,11,0.0,58,10.0,1026,27.875,15,4,8,116,113,113,0.0,3,9.9,météo correcte
2017-11-02,13,11,12,9,13,12,0.1,83,10.0,1018,83.0,14,9,10,122,122,122,0.0,4,4.9,météo défavorable
2017-11-03,16,12,9,10,15,13,0.0,85,10.0,1017,55.5,16,10,12,119,116,116,0.0,3,9.9,météo correcte
2017-11-04,16,13,24,10,15,13,0.4,85,10.0,1011,64.0,16,11,11,116,122,119,0.0,4,6.6,météo correcte
2017-11-05,10,8,20,8,10,8,0.7,66,9.875,1020,26.625,11,7,6,113,113,113,0.0,2,9.8,météo défavorable
2017-11-06,10,7,16,5,10,7,0.0,70,10.0,1026,12.625,12,4,6,113,113,113,0.0,3,9.8,météo défavorable
2017-11-07,9,6,4,3,9,6,0.0,71,10.0,1026,2.25,14,7,8,113,113,113,0.0,3,9.7,météo défavorable
2017-11-08,9,5,7,4,8,7,0.1,70,10.0,1023,62.0,9,3,6,119,119,119,0.0,3,6.5,météo très défavorable
2017-11-09,11,7,7,5,10,8,0.0,77,10.0,1026,69.5,12,6,8,119,119,116,0.0,2,8.2,météo défavorable
2017-11-10,13,10,18,9,11,10,0.5,87,10.0,1025,88.375,13,9,8,122,122,116,0.0,3,8.2,météo défavorable
2017-11-11,13,12,27,10,12,13,4.8,89,9.625,1022,100.0,13,11,9,122,122,122,0.0,3,4.8,météo défavorable
2017-11-12,12,6,28,12,9,6,6.5,85,9.375,1015,70.75,12,9,3,122,119,113,0.0,2,8.2,météo défavorable
2017-11-13,9,6,23,5,9,6,0.1,80,10.0,1026,51.0,9,4,3,116,122,116,0.0,3,8.2,météo défavorable
2017-11-14,9,6,6,3,9,7,0.0,78,10.0,1028,33.75,10,3,7,116,116,113,0.0,3,9.5,météo défavorable
2017-11-15,10,7,4,5,9,7,0.0,83,10.0,1027,54.375,11,5,7,119,119,113,0.0,2,8.1,météo défavorable
2017-11-16,10,6,3,5,10,8,0.0,82,10.0,1026,38.5,11,6,7,116,116,116,0.0,3,8.7,météo défavorable
2017-11-17,10,8,8,8,10,8,0.0,87,10.0,1028,71.5,11,8,8,122,119,116,0.0,2,5.2,météo défavorable
2017-11-18,9,6,14,4,9,8,0.0,84,10.0,1027,64.0,9,4,5,119,119,122,0.0,3,3.4,météo défavorable
2017-11-19,9,6,9,7,9,6,1.0,73,9.875,1026,45.625,10,8,6,113,116,113,0.0,2,8.7,météo défavorable
2017-11-20,9,6,18,4,9,9,0.1,89,10.0,1026,76.25,10,7,3,122,122,122,0.0,3,3.4,météo défavorable
2017-11-21,10,8,16,7,9,10,0.0,84,10.0,1019,87.125,10,8,6,122,122,119,0.0,2,3.4,météo défavorable
2017-11-22,12,7,18,6,12,11,0.0,74,10.0,1014,18.625,13,7,6,113,113,113,0.0,2,8.7,météo défavorable
2017-11-23,15,11,30,12,14,11,1.5,88,10.0,1011,68.5,15,10,11,116,122,119,0.0,4,3.3,météo défavorable
2017-11-24,13,10,8,12,11,10,0.2,84,10.0,1013,91.5,13,10,10,122,122,122,0.0,3,3.3,météo défavorable
2017-11-25,8,5,17,6,8,5,0.9,79,9.875,1023,38.25,9,6,3,122,122,113,0.0,3,6.9,météo très défavorable
2017-11-26,8,5,17,3,8,6,0.0,77,10.0,1028,40.75,8,1,2,116,116,119,0.0,3,5.8,météo très défavorable
2017-11-27,9,6,30,5,8,8,4.9,80,9.5,1028,88.375,9,5,2,119,122,122,0.0,2,2.1,météo défavorable
2017-11-28,9,6,13,6,9,6,9.4,83,9.5,1012,50.25,9,6,4,116,113,116,0.0,2,3.9,météo défavorable
2017-11-29,6,3,11,2,6,3,0.0,80,10.0,1010,47.25,6,1,1,119,116,116,0.0,2,5.8,météo très défavorable
2017-11-30,5,2,17,2,5,2,0.0,78,10.0,1011,57.5,5,1,0,119,116,116,0.0,2,5.8,météo très défavorable
2017-12-01,3,1,14,0,3,1,0.0,85,10.0,1023,50.5,4,0,-2,122,116,116,0.0,2,3.9,météo très défavorable
2017-12-02,3,0,9,-1,2,0,0.0,80,10.0,1029,9.5,4,0,1,113,113,113,0.0,2,5.8,météo très défavorable
2017-12-03,3,0,11,-1,1,2,0.9,94,8.875,1029,78.375,4,3,-3,122,122,122,0.0,2,2.1,météo très défavorable
2017-12-04,8,4,8,4,8,7,0.0,97,6.0,1037,91.125,8,5,3,143,122,122,0.0,2,2.1,météo très défavorable
2017-12-05,7,5,5,4,6,7,0.0,90,10.0,1038,55.25,7,5,5,122,119,119,0.0,3,2.1,météo très défavorable
2017-12-06,7,4,11,5,7,4,0.0,85,10.0,1037,31.0,8,3,3,116,116,113,0.0,3,5.8,météo très défavorable
2017-12-07,9,2,32,1,5,8,1.7,87,8.25,1028,68.25,9,6,-4,116,122,122,0.0,1,2.1,météo très défavorable
2017-12-08,6,3,24,4,6,3,1.8,73,10.0,1020,41.375,6,4,-1,116,116,116,0.0,2,5.8,météo très défavorable
2017-12-09,4,1,13,0,4,3,0.0,76,10.0,1021,46.25,5,0,-1,113,113,119,0.0,2,5.8,météo très défavorable
2017-12-10,9,8,29,2,9,8,5.6,94,9.625,1009,90.5,9,7,4,122,116,122,0.0,2,3.9,météo défavorable
2017-12-11,9,3,37,8,8,3,3.4,80,8.125,992,89.0,9,7,-1,122,122,122,0.0,2,2.1,météo très défavorable
2017-12-12,5,2,11,1,5,3,0.0,84,10.0,1016,36.0,6,2,0,113,116,113,0.0,1,5.8,météo très défavorable
2017-12-13,9,6,28,4,8,9,4.5,87,9.0,1015,76.0,9,7,2,122,122,122,0.0,3,2.0,météo défavorable
2017-12-14,8,6,30,5,8,6,1.8,75,9.75,1003,66.25,8,3,2,116,200,122,0.0,2,2.0,météo très défavorable
2017-12-15,6,4,21,4,6,5,1.8,83,8.375,1004,78.875,6,3,0,116,200,119,0.0,1,2.0,météo très défavorable
2017-12-16,6,3,14,4,6,3,0.4,83,9.0,1023,75.0,6,2,0,119,122,116,0.0,1,3.9,météo très défavorable
2017-12-17,5,2,10,2,5,4,0.4,89,9.0,1028,66.875,6,3,2,116,113,122,0.0,1,3.9,météo très défavorable
2017-12-18,8,5,20,7,8,5,2.9,84,9.625,1032,50.125,8,7,3,116,116,116,0.0,2,5.8,météo très défavorable
2017-12-19,6,3,6,2,5,4,0.0,93,8.0,1037,32.875,7,4,3,143,113,116,0.0,2,5.8,météo très défavorable
2017-12-20,7,5,8,4,6,7,0.2,98,6.5,1037,92.0,8,7,4,119,122,248,0.0,2,2.0,météo très défavorable
2017-12-21,9,8,10,7,8,9,0.8,98,0.75,1038,100.0,10,9,7,248,248,248,0.0,2,2.0,météo défavorable
2017-12-22,9,8,7,7,8,8,0.5,98,3.0,1038,97.125,9,9,7,248,248,248,0.0,2,2.0,météo défavorable
2017-12-23,9,8,10,7,9,8,0.0,94,7.5,1039,91.75,9,8,7,248,122,122,0.0,2,2.0,météo défavorable
2017-12-24,9,8,13,8,8,8,0.2,94,10.0,1034,91.25,9,8,6,122,122,122,0.0,2,2.0,météo défavorable
2017-12-25,7,4,19,6,6,4,0.1,87,10.0,1026,87.625,7,6,0,122,122,119,0.0,2,2.0,météo très défavorable
2017-12-26,8,6,24,6,7,7,1.3,77,9.25,1007,68.125,8,4,1,116,122,122,0.0,3,2.0,météo très défavorable
2017-12-27,7,5,38,6,6,5,2.8,83,8.75,997,91.5,7,4,0,122,122,122,0.0,2,3.2,météo très défavorable
2017-12-28,5,1,12,1,5,3,0.0,80,10.0,1010,8.625,6,2,0,113,113,113,0.0,2,8.6,météo très défavorable
2017-12-29,9,3,31,1,6,6,3.3,86,9.5,1011,57.875,9,5,-3,119,200,113,0.0,2,6.9,météo très défavorable
2017-12-30,13,7,28,11,13,13,4.4,88,8.625,1010,99.0,13,11,10,122,122,122,0.0,3,3.2,météo défavorable
2017-12-31,13,11,36,13,13,11,0.7,77,9.0,1010,84.25,13,10,8,122,122,119,0.0,3,3.2,météo défavorable
2018-01-01,9,7,33,7,8,8,0.1,83,9.875,1010,56.0,9,6,3,116,122,116,0.0,3,5.1,météo défavorable
2018-01-02,11,5,22,5,7,10,0.9,89,9.875,1017,71.125,11,10,2,116,122,122,0.0,3,3.2,météo très défavorable
2018-01-03,15,9,39,11,11,9,1.7,68,8.875,1010,89.25,15,11,5,122,122,122,0.0,3,5.1,météo défavorable
2018-01-04,14,10,33,11,14,10,9.2,85,8.375,1007,77.5,14,11,7,143,122,113,0.0,3,5.1,météo défavorable
2018-01-05,11,8,20,9,10,8,0.6,90,9.0,1003,66.625,11,8,7,122,119,113,0.0,2,6.9,météo défavorable
2018-01-06,7,6,10,6,7,6,0.5,91,8.0,1012,83.625,8,6,5,122,122,122,0.0,3,3.2,météo très défavorable
2018-01-07,7,6,27,6,7,6,1.3,83,8.875,1019,100.0,7,5,1,122,122,122,0.0,2,3.3,météo très défavorable
2018-01-08,8,5,17,5,7,5,0.0,90,10.0,1019,65.25,8,5,1,122,116,116,0.0,2,8.7,météo très défavorable
2018-01-09,8,5,13,4,6,7,0.0,93,9.0,1013,85.375,8,6,3,143,119,122,0.0,2,3.3,météo très défavorable
2018-01-10,8,7,12,6,8,7,1.0,89,9.0,1010,83.875,9,6,5,122,122,119,0.0,2,3.3,météo très défavorable
2018-01-11,7,5,9,5,7,6,1.0,94,5.875,1022,84.25,7,6,5,143,119,122,0.0,2,3.3,météo très défavorable
2018-01-12,5,4,8,3,5,5,0.0,93,9.0,1026,62.25,6,4,2,143,116,119,0.0,2,6.9,météo très défavorable
2018-01-13,6,3,15,2,6,4,0.0,91,8.0,1025,47.0,6,4,0,143,113,119,0.0,2,6.9,météo très défavorable
2018-01-14,7,2,7,1,6,5,0.0,89,10.0,1019,61.75,8,4,1,122,113,116,0.0,1,8.7,météo très défavorable
2018-01-15,9,5,37,4,6,9,9.5,86,9.25,1019,70.375,9,7,0,122,122,122,0.0,3,3.3,météo très défavorable
2018-01-16,10,7,31,8,10,7,3.1,73,10.0,1003,71.25,10,6,4,116,119,116,0.0,2,5.1,météo défavorable
2018-01-17,7,5,27,4,7,6,0.7,73,9.875,1016,61.5,7,2,0,119,116,119,0.0,2,6.9,météo très défavorable
2018-01-18,11,8,30,9,11,8,4.6,82,9.625,1012,81.375,11,8,6,122,122,116,0.0,2,5.1,météo défavorable
2018-01-19,7,5,18,4,6,5,0.0,83,10.0,1015,36.625,8,2,1,116,116,116,0.0,3,8.7,météo très défavorable
2018-01-20,10,5,27,4,7,10,4.0,91,8.625,1015,94.625,10,8,1,122,122,122,0.0,3,3.4,météo très défavorable
2018-01-21,10,5,17,5,5,7,6.0,96,8.25,1018,93.0,10,9,3,119,122,143,0.0,2,3.4,météo très défavorable
2018-01-22,12,8,26,11,11,8,4.1,89,8.0,1022,84.75,12,10,7,122,122,116,0.0,3,6.9,météo défavorable
2018-01-23,11,7,20,6,9,11,0.3,90,9.0,1024,73.75,11,10,4,116,122,122,0.0,3,3.4,météo défavorable
2018-01-24,12,11,26,11,12,11,0.1,86,10.0,1023,84.875,12,10,8,122,122,116,0.0,3,5.2,météo défavorable
2018-01-25,11,8,12,9,9,8,4.2,89,9.625,1015,93.375,11,8,6,122,119,122,0.0,2,3.4,météo défavorable
2018-01-26,9,5,9,4,8,6,0.0,86,10.0,1026,41.625,9,5,4,116,116,116,0.0,3,8.7,météo très défavorable
2018-01-27,8,4,14,3,6,5,0.0,88,10.0,1034,26.25,9,4,2,113,113,116,0.0,2,8.7,météo très défavorable
2018-01-28,10,7,15,6,9,9,0.6,94,7.0,1037,94.5,10,9,5,122,122,143,0.0,2,3.4,météo défavorable
2018-01-29,11,9,15,8,10,10,0.4,91,9.0,1036,96.0,11,8,7,143,122,122,0.0,2,3.4,météo défavorable
2018-01-30,10,8,13,8,10,9,0.4,91,8.0,1032,78.0,11,8,8,143,119,122,0.0,2,3.5,météo défavorable
2018-01-31,9,8,32,8,9,8,9.0,86,7.5,1023,99.25,9,8,5,122,122,122,0.0,2,3.5,météo défavorable
2018-02-01,7,4,21,3,7,5,0.4,81,9.875,1008,36.25,7,1,-1,119,116,113,0.0,2,8.7,météo très défavorable
2018-02-02,6,3,18,2,6,4,0.7,81,9.375,1012,63.75,7,2,1,116,122,116,0.0,1,5.2,météo très défavorable
2018-02-03,5,3,14,2,5,4,1.3,84,8.875,1012,77.75,5,2,1,116,122,122,0.0,2,3.5,météo très défavorable
2018-02-04,3,1,24,3,3,1,1.3,84,8.875,1024,61.0,4,2,-2,122,116,116,0.5,1,8.7,météo très défavorable
2018-02-05,3,-1,18,-1,1,2,0.5,75,8.375,1024,66.875,3,0,-5,116,122,122,0.4,2,3.5,météo très défavorable
2018-02-06,1,-1,17,0,0,-1,4.5,92,6.0,1016,100.0,1,0,-6,122,122,122,3.9,1,3.5,météo très défavorable
2018-02-07,0,-3,14,-2,0,-3,3.2,91,8.0,1020,72.125,1,0,-6,122,119,116,2.7,1,7.0,météo très défavorable
2018-02-08,1,-4,5,-7,0,-3,0.0,93,10.0,1022,29.875,2,1,-4,116,113,116,0.0,2,8.7,météo très défavorable
2018-02-09,1,-3,18,-5,-1,-2,1.9,100,7.375,1020,62.75,1,1,-8,119,122,143,1.6,2,5.4,météo très défavorable
2018-02-10,2,-1,16,-3,1,1,0.6,99,7.75,1021,61.0,3,2,-4,113,248,122,0.0,1,5.4,météo très défavorable
2018-02-11,6,3,18,3,6,3,2.0,94,9.75,1012,66.5,6,3,0,122,122,113,0.0,1,7.0,météo très défavorable
2018-02-12,5,1,12,0,5,2,0.1,77,10.0,1019,13.0,6,0,-1,113,116,113,0.0,2,8.7,météo très défavorable
2018-02-13,4,1,26,0,4,1,0.8,79,8.0,1018,50.875,4,0,-3,113,122,122,0.7,2,3.8,météo très défavorable
2018-02-14,5,1,20,-1,4,4,1.0,81,9.875,1014,56.625,5,1,-1,113,119,122,0.0,2,3.8,météo très défavorable
2018-02-15,9,8,12,6,9,8,4.9,98,7.375,1020,93.5,10,9,6,143,248,122,0.0,2,5.3,météo défavorable
2018-02-16,9,5,9,3,9,6,0.0,79,10.0,1028,40.0,10,5,5,113,122,122,0.0,3,8.4,météo très défavorable
2018-02-17,9,4,9,3,7,5,0.5,79,8.0,1025,63.25,10,4,2,122,122,113,0.0,2,8.5,météo très défavorable
2018-02-18,8,4,11,1,7,5,0.0,79,10.0,1026,18.5,11,3,3,113,113,113,0.0,2,10.6,météo très défavorable
2018-02-19,5,3,10,1,5,5,2.5,85,8.875,1022,74.625,6,4,1,119,122,122,0.0,2,5.3,météo très défavorable
2018-02-20,7,3,9,2,6,5,0.7,76,8.375,1019,79.125,7,4,2,119,119,119,0.0,1,6.9,météo très défavorable
2018-02-21,6,1,17,0,4,2,0.0,72,10.0,1023,3.375,6,0,-2,113,113,113,0.0,2,10.7,météo très défavorable
2018-02-22,5,0,22,-2,4,2,0.0,67,10.0,1021,0.25,5,0,-4,113,113,113,0.0,2,10.8,météo très défavorable
2018-02-23,4,0,21,-2,3,1,0.0,53,10.0,1018,1.0,4,0,-6,113,113,113,0.0,2,10.8,météo très défavorable
2018-02-24,5,0,23,-2,4,2,0.0,50,10.0,1018,10.375,6,0,-5,113,113,113,0.0,2,10.8,météo très défavorable
2018-02-25,3,-1,25,-2,2,0,0.0,37,10.0,1024,2.5,3,0,-7,113,113,113,0.0,2,10.9,météo très défavorable
2018-02-26,0,-3,26,-4,-1,-3,0.0,43,10.0,1026,12.625,0,0,-10,113,113,116,0.0,2,10.9,météo très défavorable
2018-02-27,-2,-4,19,-6,-2,-4,0.0,54,10.0,1023,24.75,0,0,-10,116,119,113,0.0,2,10.1,météo très défavorable
2018-02-28,-1,-5,27,-7,-2,-2,0.0,32,10.0,1017,37.5,0,0,-12,113,119,119,0.0,2,8.5,météo très défavorable
2018-03-01,3,-2,24,-4,1,1,0.9,77,8.375,1003,88.125,3,0,-7,122,119,122,0.8,1,7.0,météo très défavorable
2018-03-02,8,2,18,1,5,4,1.5,91,9.75,995,64.0,8,3,-1,122,119,116,0.0,1,8.6,météo très défavorable
2018-03-03,10,4,15,2,6,7,0.2,87,10.0,996,61.875,11,5,0,119,119,122,0.0,2,7.1,météo très défavorable
2018-03-04,7,5,17,4,7,6,3.0,91,9.75,996,58.125,8,6,3,122,122,119,0.0,3,5.6,météo très défavorable
2018-03-05,12,6,14,3,11,9,0.0,83,7.75,996,74.0,12,5,4,248,116,122,0.0,3,7.1,météo défavorable
2018-03-06,11,6,13,4,10,8,0.9,83,7.5,992,62.25,12,5,5,248,119,200,0.0,3,7.1,météo défavorable
2018-03-07,10,6,23,5,9,7,2.2,81,9.75,1004,67.5,10,4,2,122,122,113,0.0,2,8.6,météo défavorable
2018-03-08,9,7,29,4,9,7,3.3,83,8.625,1006,72.25,9,5,3,119,122,122,0.0,3,7.1,météo défavorable
2018-03-09,14,7,18,6,11,11,1.0,91,8.0,1007,85.5,14,10,6,122,119,122,0.0,2,5.7,météo défavorable
2018-03-10,15,11,16,10,13,13,6.6,92,9.5,1002,80.125,15,12,9,122,122,116,0.0,4,7.1,météo défavorable
2018-03-11,17,13,19,10,17,13,5.0,84,7.25,997,62.25,17,11,11,248,119,116,0.0,3,10.1,météo correcte
2018-03-12,12,10,29,10,12,10,1.4,75,10.0,1000,72.625,12,7,7,122,122,119,0.0,4,5.7,météo défavorable
2018-03-13,12,9,21,7,11,10,1.3,75,9.0,1013,80.25,12,6,5,122,119,116,0.0,2,7.2,météo défavorable
2018-03-14,13,8,24,4,13,11,0.0,71,10.0,1014,32.125,14,5,6,113,113,122,0.0,3,8.7,météo correcte
2018-03-15,13,9,16,8,11,10,1.4,88,9.875,996,74.625,13,7,7,122,119,116,0.0,2,8.7,météo défavorable
2018-03-16,13,9,12,7,12,10,0.0,81,10.0,1003,66.625,14,7,7,122,119,116,0.0,2,10.1,météo défavorable
2018-03-17,7,3,14,6,5,3,3.8,85,9.0,1002,83.125,8,4,0,119,122,122,0.1,3,5.8,météo très défavorable
2018-03-18,2,0,16,-1,2,0,0.0,79,10.0,1008,99.375,2,0,-4,122,122,122,0.0,1,6.2,météo très défavorable
2018-03-19,3,0,15,-2,2,1,0.2,81,9.375,1014,85.75,3,0,-2,122,122,116,0.1,1,7.6,météo très défavorable
2018-03-20,7,2,23,-3,5,4,0.0,71,10.0,1029,36.125,7,0,-2,113,122,113,0.0,1,10.3,météo très défavorable
2018-03-21,8,4,15,-1,7,5,0.0,68,10.0,1032,19.125,8,0,2,113,116,116,0.0,2,11.6,météo très défavorable
2018-03-22,8,5,17,1,7,7,0.0,78,10.0,1029,79.875,8,4,1,122,122,122,0.0,1,6.3,météo très défavorable
2018-03-23,6,5,18,2,6,5,0.1,84,10.0,1016,68.75,6,3,2,116,122,119,0.0,2,6.3,météo très défavorable
2018-03-24,13,5,11,4,11,10,0.0,75,10.0,1002,71.25,14,5,3,122,116,116,0.0,2,10.3,météo très défavorable
2018-03-25,14,10,11,7,14,12,0.9,71,9.875,1013,54.125,15,6,10,116,116,116,0.0,3,11.6,météo correcte
2018-03-26,13,8,11,5,12,10,0.1,67,10.0,1019,48.5,14,5,7,119,113,116,0.0,2,11.6,météo correcte
2018-03-27,11,7,23,7,8,11,2.8,89,8.875,1019,85.25,11,9,3,122,122,122,0.0,2,6.4,météo défavorable
2018-03-28,12,7,31,6,12,7,11.0,93,9.25,1011,71.625,12,9,5,122,302,113,0.0,2,7.7,météo défavorable
2018-03-29,12,7,24,3,11,9,2.0,70,9.5,1008,44.375,12,5,6,113,116,122,0.0,3,9.0,météo défavorable
2018-03-30,10,6,25,5,9,8,1.4,79,9.5,1003,69.5,10,5,2,122,122,113,0.0,2,7.7,météo défavorable
2018-03-31,11,8,15,4,10,8,0.2,72,9.875,1006,51.875,12,4,6,116,119,116,0.0,3,10.3,météo défavorable
2018-04-01,10,8,15,5,9,8,0.0,73,10.0,1014,89.875,10,4,5,119,122,119,0.0,2,6.5,météo défavorable
2018-04-02,16,10,19,6,14,12,1.1,80,9.875,1012,81.125,17,10,8,116,122,122,0.0,3,6.5,météo défavorable
2018-04-03,14,11,26,10,14,11,1.9,75,10.0,1002,56.25,14,9,10,122,122,113,0.0,4,9.0,météo correcte
2018-04-04,14,11,27,9,14,11,0.7,72,9.375,1004,58.5,14,8,9,116,116,122,0.0,3,10.3,météo correcte
2018-04-05,10,9,20,8,9,9,0.7,61,10.0,1020,76.5,10,7,6,119,122,116,0.0,2,7.8,météo défavorable
2018-04-06,19,11,21,5,16,15,0.0,75,10.0,1019,14.625,19,12,8,113,116,113,0.0,4,11.6,météo favorable
2018-04-07,20,15,16,11,19,17,0.0,69,10.0,1009,60.25,21,12,15,113,122,122,0.0,4,7.8,météo correcte
2018-04-08,21,16,14,11,21,17,0.0,59,10.0,1008,41.125,24,11,17,113,116,116,0.0,4,10.3,météo favorable
2018-04-09,14,12,11,12,14,12,4.0,85,9.625,1008,81.25,14,11,13,122,122,122,0.0,4,6.6,météo défavorable
2018-04-10,15,12,22,9,15,12,0.2,69,9.875,1004,45.25,15,9,11,116,116,113,0.0,3,10.4,météo correcte
2018-04-11,18,13,10,8,17,15,0.0,61,10.0,1006,24.25,19,7,13,113,113,116,0.0,4,11.6,météo favorable
2018-04-12,14,12,9,9,13,12,0.3,83,9.375,1002,79.75,15,9,12,122,122,122,0.0,4,7.9,météo défavorable
2018-04-13,17,13,11,9,16,15,0.1,74,10.0,1014,52.0,18,9,12,119,116,116,0.0,3,11.6,météo correcte
2018-04-14,17,14,12,10,16,14,0.9,72,9.875,1018,42.875,17,10,14,116,122,113,0.0,4,9.1,météo correcte
2018-04-15,17,14,15,10,17,15,0.7,72,9.75,1016,36.5,17,10,14,116,122,113,0.0,4,10.4,météo correcte
2018-04-16,16,13,8,9,16,14,0.0,64,10.0,1020,49.375,17,8,13,119,116,119,0.0,4,9.3,météo correcte
2018-04-17,21,15,13,10,20,18,0.0,62,10.0,1027,8.75,24,9,16,113,113,113,0.0,4,11.6,météo favorable
2018-04-18,25,18,18,12,24,21,0.0,60,10.0,1029,3.0,26,15,20,113,113,113,0.0,5,11.6,météo idéale
2018-04-19,27,20,10,14,26,23,0.0,56,10.0,1025,2.25,28,15,24,113,113,113,0.0,6,11.6,météo idéale
2018-04-20,28,23,9,18,28,24,0.0,54,10.0,1024,7.875,29,16,25,113,113,113,0.0,6,11.6,météo idéale
2018-04-21,27,21,10,16,26,23,0.0,53,10.0,1022,4.0,30,15,25,113,113,113,0.0,6,11.6,météo idéale
2018-04-22,26,22,21,17,26,22,0.6,63,9.875,1015,25.125,26,15,22,113,113,200,0.0,6,11.6,météo idéale
2018-04-23,19,16,15,13,18,16,0.0,66,10.0,1020,33.625,19,12,16,119,113,113,0.0,4,11.6,météo favorable
2018-04-24,20,15,14,11,19,18,0.0,60,10.0,1021,9.5,21,11,17,113,113,113,0.0,4,11.6,météo favorable
2018-04-25,15,13,19,12,14,13,0.0,81,10.0,1018,49.5,15,12,11,119,119,113,0.0,4,8.2,météo correcte
2018-04-26,14,12,16,8,14,13,0.1,59,10.0,1021,36.75,15,6,11,113,116,119,0.0,4,9.4,météo correcte
2018-04-27,18,14,24,9,18,15,0.0,63,10.0,1017,35.125,18,8,13,113,113,119,0.0,4,12.4,météo favorable
2018-04-28,15,12,15,10,15,13,0.1,70,10.0,1013,55.625,15,7,11,119,116,113,0.0,3,14.5,météo correcte
2018-04-29,12,10,17,9,11,11,9.1,90,9.125,1010,100.0,12,9,8,122,122,122,0.0,3,9.2,météo défavorable
2018-04-30,10,6,33,8,7,6,4.5,81,7.75,1012,99.375,10,9,3,122,122,122,0.0,2,9.2,météo défavorable
2018-05-01,14,10,13,5,13,11,0.0,63,10.0,1015,71.25,14,3,8,119,119,119,0.0,2,10.3,météo défavorable
2018-05-02,16,12,20,7,15,13,0.8,73,9.875,1014,36.375,16,9,11,113,113,122,0.0,4,12.4,météo correcte
2018-05-03,16,13,15,8,16,14,0.0,58,10.0,1021,6.875,17,8,13,113,113,113,0.0,4,14.5,météo correcte
2018-05-04,18,14,19,8,18,16,0.0,66,10.0,1022,0.125,19,11,14,113,113,113,0.0,4,14.5,météo favorable
2018-05-05,23,16,19,11,21,20,0.0,71,10.0,1022,2.125,25,16,18,113,113,113,0.0,5,14.5,météo favorable
2018-05-06,26,20,15,14,25,23,0.0,64,10.0,1021,1.75,28,19,23,113,113,113,0.0,5,14.5,météo idéale
2018-05-07,25,21,15,16,25,22,0.0,58,10.0,1018,0.0,27,18,25,113,113,113,0.0,6,14.5,météo idéale
2018-05-08,26,22,12,17,26,23,0.0,56,10.0,1013,8.5,28,18,23,113,113,113,0.0,6,14.5,météo idéale
2018-05-09,22,17,14,13,21,19,0.0,69,10.0,1010,36.75,25,14,18,113,113,122,0.0,5,12.5,météo favorable
2018-05-10,16,14,20,12,15,14,0.0,64,10.0,1021,55.5,16,8,13,116,122,116,0.0,3,12.5,météo correcte
2018-05-11,20,15,13,10,19,18,0.0,57,10.0,1021,10.875,24,10,18,113,113,116,0.0,4,14.5,météo favorable
2018-05-12,21,14,21,15,21,14,1.8,79,9.875,1015,46.125,24,14,13,113,119,122,0.0,5,11.5,météo correcte
2018-05-13,14,11,12,9,13,13,0.4,72,9.375,1017,80.0,14,8,11,122,122,122,0.0,3,10.5,météo défavorable
2018-05-14,14,11,21,11,13,13,6.8,88,8.625,1017,87.375,14,12,9,122,122,122,0.0,3,9.5,météo défavorable
2018-05-15,20,13,13,11,16,17,0.0,84,9.875,1017,56.75,20,14,12,122,119,113,0.0,3,12.5,météo correcte
2018-05-16,20,16,23,11,20,17,1.0,75,9.875,1021,26.25,20,13,17,113,116,113,0.0,4,14.5,météo favorable
2018-05-17,18,12,17,10,17,16,0.0,72,10.0,1023,34.125,19,10,11,122,113,113,0.0,4,14.5,météo favorable
2018-05-18,18,13,14,8,16,16,0.0,61,10.0,1024,26.5,18,9,12,122,116,113,0.0,4,14.5,météo favorable
2018-05-19,18,14,15,8,18,16,0.0,70,10.0,1023,15.375,20,11,14,113,113,113,0.0,4,14.5,météo favorable
2018-05-20,21,16,15,9,21,19,0.0,66,10.0,1022,6.75,24,13,20,113,113,113,0.0,4,14.5,météo favorable
2018-05-21,24,17,8,13,23,21,0.0,68,10.0,1016,19.125,25,13,18,113,113,116,0.0,5,14.5,météo idéale
2018-05-22,23,19,12,15,23,19,4.9,68,9.5,1016,20.5,25,14,19,113,113,116,0.0,5,14.5,météo favorable
2018-05-23,21,18,13,13,19,18,0.0,75,10.0,1019,32.125,24,14,18,116,116,116,0.0,5,15.4,météo favorable
2018-05-24,24,21,8,15,23,21,0.1,65,10.0,1019,32.0,26,15,22,116,113,113,0.0,4,15.8,météo favorable
2018-05-25,25,20,13,16,25,20,3.2,71,10.0,1018,34.875,26,16,21,113,116,119,0.0,5,15.8,météo favorable
2018-05-26,28,23,16,18,27,25,0.0,67,10.0,1017,20.25,29,17,23,113,113,113,0.0,6,15.8,météo idéale
2018-05-27,28,24,12,19,27,25,2.9,62,9.125,1016,33.375,29,17,25,116,113,200,0.0,5,15.9,météo favorable
2018-05-28,25,21,13,19,25,21,1.2,73,9.875,1017,36.375,27,17,22,113,116,119,0.0,6,15.9,météo favorable
2018-05-29,24,20,12,18,20,22,0.2,70,9.875,1015,25.75,26,16,20,113,116,113,0.0,5,15.9,météo favorable
2018-05-30,25,21,11,17,24,23,0.0,66,10.0,1014,32.125,26,17,22,113,116,116,0.0,6,15.9,météo favorable
2018-05-31,24,22,12,17,24,22,1.4,67,9.75,1017,22.125,26,16,23,113,116,113,0.0,6,15.9,météo favorable
2018-06-01,20,19,10,17,20,19,0.3,80,10.0,1021,58.5,21,16,19,119,122,116,0.0,5,14.7,météo correcte
2018-06-02,24,20,8,17,23,21,0.0,61,10.0,1021,12.75,26,15,23,113,113,113,0.0,5,16.0,météo idéale
2018-06-03,25,22,15,17,25,23,0.2,67,9.875,1020,18.125,26,17,23,113,116,113,0.0,6,16.0,météo favorable
2018-06-04,25,20,14,18,24,23,2.3,81,9.75,1014,42.625,27,18,20,122,113,113,0.0,6,16.0,météo favorable
2018-06-05,23,17,18,16,21,21,3.6,89,9.75,1012,64.25,25,17,17,119,119,116,0.0,5,13.8,météo correcte
2018-06-06,25,20,10,16,23,22,1.8,78,9.75,1013,50.375,27,18,20,116,116,113,0.0,4,15.6,météo favorable
2018-06-07,24,20,10,17,23,23,0.0,72,10.0,1017,20.125,26,17,21,116,113,113,0.0,6,16.0,météo idéale
2018-06-08,25,22,13,18,24,23,1.3,73,9.75,1015,20.0,27,18,23,116,113,116,0.0,6,16.0,météo idéale
2018-06-09,26,22,10,16,23,22,0.2,75,9.875,1014,25.75,28,18,22,113,116,116,0.0,6,16.1,météo favorable
2018-06-10,26,22,10,18,24,22,0.9,75,9.875,1013,19.375,27,18,23,113,116,113,0.0,6,16.1,météo favorable
2018-06-11,23,20,14,18,21,21,3.0,82,9.75,1011,37.75,26,18,21,116,119,116,0.0,5,16.1,météo correcte
2018-06-12,18,15,19,16,15,18,3.4,89,9.875,1016,68.375,19,15,15,122,116,116,0.0,4,14.7,météo défavorable
2018-06-13,17,16,14,12,16,17,0.0,66,10.0,1019,62.5,18,11,16,116,122,122,0.0,4,14.7,météo correcte
2018-06-14,21,17,14,14,19,18,0.0,79,10.0,1018,56.375,21,15,17,116,119,122,0.0,5,13.0,météo correcte
2018-06-15,22,19,7,15,22,21,0.2,63,10.0,1018,30.0,25,14,20,113,116,113,0.0,5,16.1,météo favorable
2018-06-16,21,18,16,14,21,20,0.1,65,10.0,1018,69.875,24,13,19,122,113,119,0.0,4,14.7,météo défavorable
2018-06-17,20,16,15,15,19,19,0.4,66,10.0,1022,63.75,20,13,17,119,116,119,0.0,4,13.9,météo correcte
2018-06-18,22,18,14,16,21,21,0.2,82,10.0,1024,78.25,25,16,18,122,119,116,0.0,4,13.9,météo défavorable
2018-06-19,22,18,8,17,21,22,0.0,79,10.0,1026,63.625,25,17,19,119,122,113,0.0,5,13.9,météo correcte
2018-06-20,28,23,6,18,27,26,0.0,65,10.0,1024,16.25,35,20,25,113,113,113,0.0,6,16.1,météo favorable
2018-06-21,20,17,21,17,20,17,0.0,73,10.0,1027,25.375,21,17,17,116,113,113,0.0,5,16.1,météo favorable
2018-06-22,20,16,18,12,20,18,0.0,60,10.0,1030,17.625,20,11,19,113,116,113,0.0,4,16.1,météo favorable
2018-06-23,21,16,15,11,20,20,0.0,62,10.0,1030,10.75,24,13,17,113,113,116,0.0,5,16.1,météo favorable
2018-06-24,22,19,16,14,22,20,0.0,60,10.0,1025,30.125,24,13,19,122,113,113,0.0,5,16.1,météo favorable
2018-06-25,23,19,18,15,22,22,0.0,67,10.0,1025,13.25,25,16,19,113,113,113,0.0,5,16.1,météo favorable
2018-06-26,25,21,17,16,25,24,0.0,62,10.0,1025,0.875,27,18,24,113,113,113,0.0,6,16.1,météo idéale
2018-06-27,27,23,16,17,27,25,0.0,64,10.0,1023,2.375,30,18,26,113,113,113,0.0,6,16.1,météo idéale
2018-06-28,26,23,22,18,26,25,0.0,59,10.0,1021,12.125,27,17,23,113,113,113,0.0,6,16.1,météo idéale
2018-06-29,27,24,22,19,27,26,0.6,62,9.875,1018,15.75,28,18,24,113,113,113,0.0,6,16.1,météo idéale
2018-06-30,30,25,15,19,29,28,0.0,60,10.0,1014,25.375,31,19,25,113,116,116,0.0,6,16.1,météo favorable
2018-07-01,31,26,18,22,31,29,0.0,60,10.0,1011,9.875,34,20,26,113,113,113,0.0,7,16.1,météo idéale
2018-07-02,29,24,14,20,28,27,0.3,58,10.0,1014,14.0,30,19,25,113,113,113,0.0,6,16.1,météo idéale
2018-07-03,29,25,9,21,29,27,0.4,59,9.875,1016,12.0,30,19,27,113,113,200,0.0,6,16.0,météo idéale
2018-07-04,27,25,10,21,27,26,1.9,56,9.75,1016,18.75,28,17,26,113,116,113,0.0,6,16.0,météo favorable
2018-07-05,25,21,12,19,25,23,7.3,74,9.625,1018,36.5,27,18,22,122,116,113,0.0,6,15.6,météo favorable
2018-07-06,28,23,8,18,27,26,0.0,60,10.0,1022,15.375,28,16,24,113,113,116,0.0,6,16.0,météo idéale
2018-07-07,29,25,12,20,29,27,0.0,54,10.0,1024,20.5,29,17,27,113,116,116,0.0,6,16.0,météo favorable
2018-07-08,29,25,11,21,29,26,0.1,62,10.0,1024,33.875,29,18,26,116,116,116,0.0,6,15.6,météo favorable
2018-07-09,26,22,19,18,25,24,0.0,59,10.0,1024,25.875,26,16,22,113,116,122,0.0,6,15.6,météo favorable
2018-07-10,20,19,17,17,20,19,0.0,61,10.0,1022,56.5,20,14,19,122,119,122,0.0,5,13.8,météo correcte
2018-07-11,20,17,13,15,20,20,0.5,78,10.0,1020,58.5,20,14,18,119,119,116,0.0,5,12.9,météo correcte
2018-07-12,25,21,11,15,24,23,0.2,61,9.875,1020,39.125,26,15,22,116,113,116,0.0,4,15.5,météo favorable
2018-07-13,26,22,12,17,26,24,2.7,64,9.875,1020,44.375,27,16,22,119,116,116,0.0,5,14.5,météo favorable
2018-07-14,28,24,10,18,28,26,0.3,60,9.75,1020,35.375,29,17,24,113,113,200,0.0,6,13.5,météo favorable
2018-07-15,29,25,7,20,29,26,2.2,59,9.625,1017,31.5,30,18,26,113,200,200,0.0,6,14.5,météo correcte
2018-07-16,28,25,12,20,28,26,2.6,56,9.75,1014,25.25,30,17,26,113,113,200,0.0,6,14.5,météo idéale
2018-07-17,25,20,16,18,23,23,0.2,67,10.0,1018,43.375,26,15,21,113,119,116,0.0,6,12.6,météo correcte
2018-07-18,26,20,9,18,26,25,0.0,58,10.0,1019,70.0,27,16,21,122,116,119,0.0,5,12.6,météo défavorable
2018-07-19,29,25,11,19,29,26,0.0,49,10.0,1018,31.875,29,15,25,116,116,116,0.0,6,14.5,météo favorable
2018-07-20,25,21,14,19,25,21,6.4,69,9.5,1015,50.0,27,16,21,119,116,116,0.0,6,14.5,météo favorable
2018-07-21,25,21,9,17,24,23,0.2,60,9.875,1015,47.75,26,15,22,116,119,116,0.0,6,13.5,météo correcte
2018-07-22,27,23,7,18,26,25,0.1,55,10.0,1017,43.0,27,15,23,116,116,119,0.0,6,12.5,météo favorable
2018-07-23,31,25,5,20,29,28,0.0,52,10.0,1019,22.125,31,16,26,113,113,116,0.0,6,14.5,météo idéale
2018-07-24,30,27,7,22,30,28,0.0,51,10.0,1016,41.5,31,17,27,116,116,116,0.0,7,14.5,météo favorable
2018-07-25,32,27,9,21,32,30,0.0,53,10.0,1016,15.25,33,18,28,113,113,113,0.0,7,14.5,météo idéale
2018-07-26,35,30,5,24,35,32,0.0,44,10.0,1015,18.625,37,18,32,113,113,116,0.0,7,14.5,météo favorable
2018-07-27,35,29,10,26,35,29,19.5,57,9.125,1012,20.375,36,20,30,113,113,113,0.0,7,14.5,météo très défavorable
2018-07-28,25,22,21,20,24,23,3.0,68,9.5,1014,32.375,25,19,22,116,116,113,0.0,5,13.5,météo favorable
2018-07-29,27,21,23,19,26,25,0.0,57,10.0,1014,47.25,27,16,21,116,116,116,0.0,5,14.5,météo favorable
2018-07-30,27,21,17,20,26,26,0.3,76,9.875,1016,38.25,28,18,21,116,119,113,0.0,6,12.5,météo correcte
2018-07-31,28,22,14,20,27,26,0.0,65,10.0,1020,32.625,28,18,23,116,116,116,0.0,6,13.5,météo favorable
2018-08-01,29,24,8,19,29,27,0.0,55,10.0,1021,46.75,30,16,24,116,116,119,0.0,6,12.5,météo favorable
2018-08-02,32,25,9,20,31,29,0.0,53,10.0,1023,18.375,34,18,27,113,113,113,0.0,7,14.5,météo idéale
2018-08-03,34,27,11,21,33,31,0.0,48,10.0,1022,2.375,38,18,31,113,113,113,0.0,7,14.5,météo favorable
2018-08-04,32,27,15,22,31,29,0.0,47,10.0,1022,2.125,33,17,30,113,113,113,0.0,7,14.5,météo idéale
2018-08-05,30,22,13,18,28,28,0.0,70,10.0,1022,11.375,31,17,22,116,113,113,0.0,6,14.5,météo idéale
2018-08-06,33,28,8,21,32,30,0.0,42,10.0,1018,0.125,35,19,33,113,113,113,0.0,7,14.5,météo favorable
2018-08-07,36,30,17,23,35,32,13.7,39,9.0,1012,18.5,37,19,31,113,113,200,0.0,7,13.5,météo défavorable
2018-08-08,24,22,14,19,24,24,0.0,57,10.0,1015,74.0,25,18,22,119,119,122,0.0,5,10.3,météo défavorable
2018-08-09,20,16,22,19,19,18,6.0,84,8.625,1021,60.75,21,18,16,119,122,116,0.0,5,12.4,météo correcte
2018-08-10,22,19,19,14,22,20,0.0,51,10.0,1024,15.125,24,11,19,113,116,113,0.0,5,14.5,météo favorable
2018-08-11,24,19,8,15,23,22,0.0,61,10.0,1025,25.875,25,13,20,116,116,113,0.0,5,14.5,météo favorable
2018-08-12,30,23,15,17,28,26,0.2,47,9.875,1020,16.125,29,14,24,113,113,116,0.0,6,14.5,météo idéale
2018-08-13,24,19,22,18,23,21,2.5,72,10.0,1013,52.5,25,16,19,116,116,116,0.0,5,13.4,météo favorable
2018-08-14,25,21,16,17,24,22,0.0,67,10.0,1020,43.125,26,15,21,116,119,119,0.0,5,11.3,météo correcte
2018-08-15,25,20,8,17,22,23,0.0,67,10.0,1022,30.5,29,17,21,119,116,113,0.0,6,13.4,météo favorable
2018-08-16,30,23,15,18,28,26,0.4,50,9.875,1019,8.75,30,16,26,113,113,116,0.0,6,14.5,météo idéale
2018-08-17,24,20,13,16,23,21,1.0,60,9.875,1023,26.375,25,15,21,116,113,113,0.0,4,14.5,météo idéale
2018-08-18,25,19,11,15,23,22,0.0,55,10.0,1024,9.625,26,14,21,113,113,113,0.0,5,14.5,météo idéale
2018-08-19,28,22,12,17,25,25,0.0,58,10.0,1024,8.875,29,16,23,113,113,113,0.0,6,11.6,météo idéale
2018-08-20,24,21,10,19,23,23,0.2,74,10.0,1022,62.375,25,17,22,119,119,116,0.0,6,8.2,météo correcte
2018-08-21,25,23,9,19,25,24,0.0,64,10.0,1022,40.25,27,17,24,116,122,116,0.0,6,10.5,météo correcte
2018-08-22,29,24,11,19,28,26,0.0,60,10.0,1019,8.75,35,19,26,113,113,113,0.0,6,11.6,météo favorable
2018-08-23,26,22,18,18,25,23,0.5,60,10.0,1017,24.25,27,16,24,116,113,113,0.0,6,11.6,météo idéale
2018-08-24,19,18,17,15,19,18,0.0,56,10.0,1017,45.375,20,13,18,116,119,113,0.0,5,10.4,météo correcte
2018-08-25,18,16,15,13,18,17,1.3,54,9.875,1018,55.0,19,11,17,113,122,116,0.0,4,9.3,météo correcte
2018-08-26,22,18,18,12,22,22,0.0,45,10.0,1018,41.625,24,9,18,116,113,116,0.0,5,10.4,météo favorable
2018-08-27,22,19,15,18,21,19,1.0,77,8.875,1019,55.75,25,15,19,122,116,113,0.0,4,10.4,météo correcte
2018-08-28,27,20,9,14,25,23,0.0,57,10.0,1020,4.875,28,15,21,113,113,113,0.0,5,11.6,météo idéale
2018-08-29,21,18,23,18,20,18,1.6,76,9.875,1021,58.0,24,16,18,116,122,116,0.0,5,7.9,météo correcte
2018-08-30,21,19,7,14,21,19,1.1,59,10.0,1023,50.875,24,13,19,113,113,122,0.0,5,9.1,météo favorable
2018-08-31,22,19,10,14,22,19,1.0,54,9.875,1023,30.625,24,12,19,116,116,113,0.0,5,11.6,météo favorable
2018-09-01,23,19,12,13,22,19,0.0,47,10.0,1026,0.875,25,12,22,113,113,113,0.0,5,11.6,météo favorable
2018-09-02,24,18,12,13,23,21,0.0,47,10.0,1025,4.75,26,10,22,113,113,113,0.0,5,11.6,météo idéale
2018-09-03,24,20,15,16,23,21,0.0,59,10.0,1020,52.875,25,13,20,119,116,116,0.0,5,10.3,météo favorable
2018-09-04,23,19,12,16,21,20,0.7,79,10.0,1018,77.25,25,16,19,119,122,116,0.0,4,7.8,météo défavorable
2018-09-05,25,20,14,17,24,21,1.4,78,8.875,1018,42.625,26,17,21,143,113,116,0.0,5,11.6,météo favorable
2018-09-06,22,18,15,17,21,18,0.5,80,9.875,1016,60.375,25,16,19,122,119,116,0.0,5,9.1,météo correcte
2018-09-07,20,17,14,14,19,17,0.3,76,10.0,1020,40.375,24,13,17,122,116,113,0.0,5,10.3,météo favorable
2018-09-08,22,18,8,13,21,19,0.0,49,10.0,1021,17.125,25,9,20,116,113,113,0.0,5,11.6,météo favorable
2018-09-09,28,20,9,14,27,24,0.0,43,10.0,1021,22.125,28,12,21,116,113,113,0.0,6,11.6,météo idéale
2018-09-10,25,19,12,15,23,21,0.0,60,10.0,1025,13.375,25,14,20,113,113,113,0.0,5,11.6,météo idéale
2018-09-11,28,22,13,16,27,23,0.0,48,10.0,1025,0.625,30,16,25,113,113,113,0.0,6,11.6,météo idéale
2018-09-12,27,22,14,17,26,22,0.0,58,10.0,1022,5.0,28,18,23,113,113,113,0.0,6,11.6,météo idéale
2018-09-13,20,16,14,15,17,17,0.5,80,9.0,1022,86.25,20,14,16,119,119,122,0.0,4,6.4,météo défavorable
2018-09-14,21,17,14,13,20,17,0.0,59,10.0,1024,39.0,25,10,18,119,113,113,0.0,4,11.6,météo favorable
2018-09-15,22,17,4,12,21,18,0.0,66,10.0,1026,11.5,25,11,18,116,113,113,0.0,5,11.6,météo favorable
2018-09-16,25,19,8,13,23,20,0.0,53,10.0,1024,7.375,26,13,21,113,113,113,0.0,5,11.6,météo idéale
2018-09-17,28,21,11,15,26,23,0.0,40,10.0,1021,1.625,29,12,25,113,113,113,0.0,6,11.6,météo idéale
2018-09-18,25,21,16,18,24,21,0.6,68,9.75,1017,18.75,26,17,22,113,113,113,0.0,6,11.6,météo idéale
2018-09-19,25,20,18,16,24,21,0.0,66,10.0,1020,13.875,26,16,21,113,113,113,0.0,6,11.6,météo idéale
2018-09-20,25,20,18,16,24,22,0.0,66,10.0,1020,21.375,26,15,21,113,113,122,0.0,6,10.2,météo idéale
2018-09-21,19,16,27,18,18,16,0.3,59,9.875,1022,30.0,20,15,16,122,113,113,0.0,5,11.6,météo favorable
2018-09-22,18,15,16,11,18,16,2.0,54,9.875,1023,64.0,18,12,16,116,122,122,0.0,4,7.4,météo correcte
2018-09-23,21,13,32,20,21,13,3.0,85,9.0,1027,90.25,21,18,11,122,122,122,0.0,4,6.0,météo défavorable
2018-09-24,17,13,15,9,16,13,0.0,59,10.0,1037,3.75,18,8,13,113,113,113,0.0,4,11.6,météo correcte
2018-09-25,17,13,18,8,16,13,0.0,54,10.0,1038,1.875,18,8,12,113,113,113,0.0,4,11.6,météo correcte
2018-09-26,21,13,7,8,19,16,0.0,44,10.0,1034,0.0,25,7,18,113,113,113,0.0,4,11.6,météo favorable
2018-09-27,24,17,6,11,23,20,0.0,49,10.0,1031,0.0,28,12,22,113,113,113,0.0,5,11.6,météo idéale
2018-09-28,19,15,22,13,19,15,0.0,65,10.0,1028,8.875,20,12,13,113,113,113,0.0,5,11.6,météo favorable
2018-09-29,18,12,18,8,17,13,0.0,55,10.0,1028,1.375,19,6,11,113,113,113,0.0,4,11.6,météo favorable
2018-09-30,18,12,14,7,17,14,0.0,59,10.0,1021,13.625,20,9,13,113,113,116,0.0,4,11.6,météo favorable
2018-10-01,15,11,21,9,15,11,0.0,57,10.0,1027,38.375,15,7,10,113,119,113,0.0,4,10.2,météo correcte
2018-10-02,15,12,18,10,13,14,0.0,87,10.0,1027,85.25,15,14,10,119,122,122,0.0,4,5.9,météo défavorable
2018-10-03,19,16,11,14,18,16,0.0,81,10.0,1029,66.125,19,14,16,122,119,119,0.0,5,5.9,météo défavorable
2018-10-04,20,15,9,11,19,16,0.0,64,10.0,1029,11.375,25,13,20,113,113,113,0.0,4,11.6,météo favorable
2018-10-05,24,16,10,11,22,19,0.0,62,10.0,1021,0.0,26,13,20,113,113,113,0.0,5,11.6,météo idéale
2018-10-06,23,18,18,14,22,19,0.0,59,10.0,1013,22.875,25,11,18,113,113,116,0.0,5,11.6,météo favorable
2018-10-07,15,13,16,14,14,13,0.8,83,9.0,1022,65.5,16,13,12,119,122,116,0.0,4,7.2,météo défavorable
2018-10-08,18,13,10,9,17,14,0.0,60,10.0,1023,3.375,24,9,16,113,113,113,0.0,4,11.2,météo favorable
2018-10-09,22,15,10,10,21,17,0.0,62,10.0,1022,3.625,26,13,18,113,113,113,0.0,5,11.1,météo favorable
2018-10-10,24,17,18,12,23,20,0.0,56,10.0,1018,16.5,25,12,19,113,113,116,0.0,5,11.1,météo idéale
2018-10-11,25,19,21,16,25,20,2.5,67,9.125,1012,39.5,25,14,19,113,113,200,0.0,4,10.1,météo favorable
2018-10-12,25,19,22,16,23,21,0.0,70,10.0,1018,29.75,26,15,19,116,116,113,0.0,5,11.0,météo favorable
2018-10-13,26,20,17,17,25,21,0.0,67,10.0,1019,6.875,27,15,21,113,113,113,0.0,6,11.0,météo idéale
2018-10-14,24,20,20,16,24,21,0.8,58,9.875,1011,26.375,26,14,20,113,116,113,0.0,6,10.9,météo favorable
2018-10-15,25,20,18,17,25,20,0.0,53,10.0,1015,21.625,25,11,21,113,113,113,0.0,6,10.9,météo idéale
2018-10-16,24,20,7,16,23,20,0.0,54,10.0,1019,19.75,25,12,21,113,113,113,0.0,5,10.5,météo idéale
2018-10-17,21,17,12,14,20,18,0.0,70,10.0,1020,23.0,24,12,18,113,116,113,0.0,5,10.4,météo favorable
2018-10-18,20,15,21,12,20,15,0.0,75,10.0,1022,13.75,21,12,15,113,113,113,0.0,5,10.4,météo favorable
2018-10-19,18,14,14,10,17,14,0.0,77,10.0,1026,10.125,20,12,14,116,113,113,0.0,4,10.4,météo favorable
2018-10-20,17,12,14,9,15,12,0.0,71,10.0,1031,11.125,18,9,11,113,113,113,0.0,4,10.3,météo correcte
2018-10-21,18,12,10,8,16,14,0.0,59,10.0,1030,2.375,20,7,14,113,113,113,0.0,4,10.3,météo favorable
2018-10-22,15,12,22,10,14,12,0.0,81,10.0,1035,36.0,15,10,10,113,122,113,0.0,4,8.4,météo correcte
2018-10-23,17,10,16,7,15,13,0.0,72,10.0,1035,5.875,17,9,11,113,113,113,0.0,4,10.2,météo correcte
2018-10-24,17,13,11,11,16,13,0.0,85,10.0,1030,34.25,17,12,14,116,119,113,0.0,4,10.0,météo correcte
2018-10-25,15,11,8,10,14,12,0.0,88,9.0,1026,46.375,20,12,11,143,116,113,0.0,3,10.2,météo correcte
2018-10-26,13,10,17,8,12,11,0.1,82,10.0,1017,51.625,13,8,9,119,122,116,0.0,3,6.7,météo correcte
2018-10-27,10,7,12,5,9,7,0.0,69,10.0,1012,39.625,10,3,5,116,116,116,0.0,3,10.0,météo défavorable
2018-10-28,8,6,32,4,8,6,0.0,73,10.0,1011,45.875,8,2,2,116,122,113,0.0,3,8.3,météo très défavorable
2018-10-29,6,4,24,3,6,5,0.2,74,10.0,1009,88.0,6,1,0,119,122,122,0.0,2,5.0,météo très défavorable
2018-10-30,10,7,26,4,9,8,1.5,85,8.875,1007,88.125,10,5,4,122,122,119,0.0,2,5.0,météo défavorable
2018-10-31,11,7,15,4,10,10,1.0,91,8.375,1010,65.5,11,9,5,116,122,122,0.0,3,6.6,météo défavorable
2018-11-01,11,10,18,9,11,10,0.2,87,10.0,1015,59.5,12,9,8,113,122,119,0.0,4,5.0,météo défavorable
2018-11-02,11,8,12,6,11,8,0.0,81,10.0,1030,23.0,13,6,7,113,113,113,0.0,3,9.9,météo défavorable
2018-11-03,11,6,6,4,10,7,0.0,63,10.0,1031,9.75,12,2,7,113,113,113,0.0,3,9.9,météo défavorable
2018-11-04,13,8,10,5,11,10,0.0,82,10.0,1020,25.125,14,7,7,116,113,113,0.0,3,9.8,météo correcte
2018-11-05,18,12,13,8,17,14,0.0,69,10.0,1007,38.125,18,9,11,113,113,119,0.0,4,9.8,météo favorable
2018-11-06,19,13,23,12,19,13,0.2,67,9.875,1005,31.375,19,11,12,116,116,116,0.0,4,9.8,météo favorable
2018-11-07,13,10,26,10,12,11,2.3,80,8.875,1012,80.125,13,8,8,122,122,119,0.0,4,4.9,météo défavorable
2018-11-08,12,8,15,6,11,10,0.0,78,10.0,1021,29.25,13,8,8,113,113,122,0.0,3,9.7,météo défavorable
2018-11-09,14,9,15,7,13,11,0.0,79,10.0,1014,20.75,15,8,8,113,116,116,0.0,4,9.7,météo correcte
2018-11-10,13,12,24,12,12,12,1.5,82,8.875,1003,90.375,13,9,10,122,122,116,0.0,3,6.5,météo défavorable
2018-11-11,12,12,25,12,12,12,2.6,87,7.875,1011,88.0,12,11,10,119,122,119,0.0,3,4.8,météo défavorable
2018-11-12,11,10,10,11,11,10,6.0,90,8.25,1020,76.75,12,11,9,122,116,119,0.0,3,8.2,météo défavorable
2018-11-13,14,11,18,10,14,11,0.0,83,10.0,1030,38.5,14,9,8,119,116,113,0.0,3,9.6,météo correcte
2018-11-14,13,9,10,7,13,10,0.0,86,10.0,1030,21.375,15,10,8,113,113,113,0.0,2,9.5,météo correcte
2018-11-15,12,9,9,7,11,9,0.0,83,10.0,1024,6.125,16,10,9,113,113,113,0.0,3,9.5,météo défavorable
2018-11-16,10,6,9,6,9,6,0.0,85,10.0,1026,10.0,13,7,8,116,113,113,0.0,3,8.7,météo défavorable
2018-11-17,8,4,18,2,7,6,0.0,75,10.0,1026,2.5,9,3,1,113,113,113,0.0,2,8.7,météo très défavorable
2018-11-18,8,4,19,2,7,6,0.0,65,10.0,1024,0.0,9,1,0,113,113,113,0.0,2,8.7,météo très défavorable
2018-11-19,6,2,22,0,6,4,0.2,73,9.625,1019,42.0,6,0,-3,113,119,119,0.1,2,3.4,météo très défavorable
2018-11-20,4,2,17,2,3,2,0.6,84,9.0,1007,85.875,4,0,-2,122,122,119,0.5,1,3.4,météo très défavorable
2018-11-21,5,1,7,-1,4,3,0.0,76,10.0,1018,13.875,6,1,1,113,113,116,0.0,2,8.7,météo très défavorable
2018-11-22,6,2,10,0,4,4,0.7,84,9.875,1018,43.75,6,3,0,116,200,119,0.0,2,3.3,météo très défavorable
2018-11-23,8,5,10,3,8,6,0.0,84,10.0,1017,36.5,9,5,4,113,113,119,0.0,2,6.9,météo très défavorable
2018-11-24,8,7,16,7,8,7,0.0,87,7.75,1011,88.5,8,7,4,122,122,116,0.0,2,5.1,météo très défavorable
2018-11-25,8,7,16,6,8,7,2.6,91,5.875,1010,92.75,8,6,4,143,122,122,0.0,2,3.3,météo très défavorable
2018-11-26,7,5,12,5,6,6,0.0,89,10.0,1016,100.0,7,5,3,122,122,122,0.0,2,3.3,météo très défavorable
2018-11-27,8,5,16,3,8,7,0.0,90,10.0,1020,83.875,8,5,4,122,119,122,0.0,2,4.0,météo très défavorable
2018-11-28,11,10,17,9,11,10,6.3,94,9.5,1017,93.875,11,9,8,122,122,122,0.0,2,2.1,météo défavorable
2018-11-29,13,10,24,10,13,11,1.1,77,9.875,1016,71.875,13,8,8,122,116,119,0.0,3,5.8,météo défavorable
2018-11-30,11,9,18,9,11,9,0.0,85,10.0,1016,54.125,12,8,7,122,116,113,0.0,2,5.8,météo défavorable
2018-12-01,11,7,27,6,9,10,3.0,85,9.75,1017,68.5,11,9,4,116,122,122,0.0,3,2.1,météo défavorable
2018-12-02,15,14,22,13,15,14,5.9,90,9.25,1006,97.125,15,12,13,200,122,200,0.0,3,2.1,météo défavorable
2018-12-03,14,12,27,13,14,12,4.2,83,9.5,1011,76.25,14,12,10,116,200,116,0.0,3,2.1,météo défavorable
2018-12-04,11,8,7,10,11,8,0.4,90,10.0,1025,65.375,12,9,8,119,116,119,0.0,2,5.8,météo défavorable
2018-12-05,11,9,14,7,11,10,3.0,88,9.625,1024,84.375,11,9,7,119,122,122,0.0,2,2.1,météo défavorable
2018-12-06,13,11,12,10,13,12,0.4,95,7.0,1021,88.375,14,11,11,143,122,122,0.0,3,2.1,météo défavorable
2018-12-07,12,9,36,11,12,9,4.5,77,9.625,1020,73.75,12,8,5,122,122,113,0.0,3,2.1,météo défavorable
2018-12-08,12,9,31,8,10,12,2.1,81,9.0,1015,74.0,12,8,5,116,122,122,0.0,3,2.1,météo défavorable
2018-12-09,11,9,35,9,11,9,2.3,79,9.875,1022,84.0,11,5,6,122,200,116,0.0,2,2.1,météo défavorable
2018-12-10,10,7,14,6,10,7,0.2,86,10.0,1028,52.875,10,5,5,119,119,116,0.0,3,3.9,météo défavorable
2018-12-11,8,6,5,5,8,6,0.0,85,10.0,1028,47.5,9,4,5,116,116,116,0.0,2,5.8,météo très défavorable
2018-12-12,5,1,12,1,4,2,0.0,77,10.0,1025,4.625,7,2,0,113,113,113,0.0,2,5.8,météo très défavorable
2018-12-13,3,0,21,0,3,0,0.0,81,10.0,1019,6.25,4,0,-5,113,113,113,0.0,2,5.8,météo très défavorable
2018-12-14,2,-1,12,-1,2,-1,0.0,71,10.0,1025,2.0,5,0,-1,113,113,113,0.0,2,5.8,météo très défavorable
2018-12-15,2,-1,30,-2,1,1,5.4,91,9.625,1025,60.625,3,1,-6,116,122,122,0.0,2,2.0,météo très défavorable
2018-12-16,5,2,10,1,5,5,0.1,96,4.75,1014,67.625,5,4,0,143,116,143,0.0,1,5.8,météo très défavorable
2018-12-17,7,4,13,3,7,5,0.1,93,10.0,1025,37.0,9,5,1,116,113,116,0.0,2,5.8,météo très défavorable
2018-12-18,8,5,20,4,8,6,0.1,81,9.0,1025,66.25,8,5,1,116,116,122,0.0,2,3.9,météo très défavorable
2018-12-19,9,8,22,7,9,8,0.9,87,9.875,1013,87.875,10,6,5,122,119,122,0.0,2,2.0,météo défavorable
2018-12-20,9,7,19,7,9,7,0.0,86,10.0,1017,61.125,9,5,4,122,116,116,0.0,3,5.8,météo défavorable
2018-12-21,15,12,35,12,14,12,7.7,92,9.5,1014,90.375,15,11,11,122,296,119,0.0,3,2.0,météo défavorable
2018-12-22,12,10,21,10,12,10,0.2,85,10.0,1025,67.875,12,9,7,119,122,116,0.0,4,3.9,météo défavorable
2018-12-23,13,10,25,9,13,13,6.2,92,8.5,1026,89.625,13,11,8,122,122,122,0.0,4,2.0,météo défavorable
2018-12-24,13,7,9,8,9,7,4.2,82,8.625,1036,68.5,13,11,6,122,122,113,0.0,2,3.9,météo défavorable
2018-12-25,8,2,8,2,5,3,0.0,82,10.0,1037,1.25,10,5,4,113,113,113,0.0,2,5.8,météo très défavorable
2018-12-26,4,1,8,1,4,2,0.0,56,10.0,1034,27.0,5,0,0,116,116,116,0.0,2,5.8,météo très défavorable
2018-12-27,3,1,8,1,2,1,0.0,53,10.0,1029,49.375,4,0,0,116,119,116,0.0,2,6.9,météo très défavorable
2018-12-28,3,0,5,-1,3,1,0.0,43,10.0,1035,24.75,5,0,1,116,113,113,0.0,1,8.6,météo très défavorable
2018-12-29,5,2,12,1,4,5,0.1,90,9.0,1037,88.0,5,5,0,119,122,122,0.0,1,3.2,météo très défavorable
2018-12-30,7,5,7,4,7,6,0.1,97,3.5,1037,80.25,8,7,4,143,119,143,0.0,2,3.2,météo très défavorable
2018-12-31,9,7,5,7,9,8,0.0,95,5.5,1037,92.0,9,7,7,143,122,122,0.0,2,3.2,météo défavorable
2019-01-01,9,7,9,7,8,9,1.0,86,9.0,1036,92.875,9,7,6,176,176,176,0.0,2,3.2,météo défavorable
2019-01-02,8,5,12,5,6,7,0.3,76,10.0,1041,34.5,8,4,2,116,116,119,0.0,2,6.9,météo très défavorable
2019-01-03,7,3,10,3,5,6,0.0,83,10.0,1041,19.875,7,2,1,116,116,116,0.0,2,8.6,météo très défavorable
2019-01-04,6,2,8,2,4,4,0.0,89,10.0,1041,38.625,6,2,0,116,116,116,0.0,1,8.6,météo très défavorable
2019-01-05,6,3,10,3,5,6,0.0,83,10.0,1040,78.25,6,3,1,119,122,119,0.0,1,3.2,météo très défavorable
2019-01-06,5,3,6,4,5,3,0.4,88,9.0,1037,99.0,5,4,2,122,122,176,0.0,1,3.2,météo très défavorable
2019-01-07,7,5,10,5,6,5,0.4,91,10.0,1036,92.5,7,6,4,176,122,122,0.0,2,3.3,météo très défavorable
2019-01-08,9,7,17,9,8,7,0.9,85,8.0,1031,79.75,9,7,4,266,116,353,0.0,2,3.3,météo défavorable
2019-01-09,7,5,22,5,6,6,0.6,73,10.0,1026,56.75,7,1,1,116,353,353,0.0,3,5.1,météo très défavorable
2019-01-10,5,2,13,2,4,5,0.0,73,10.0,1029,40.75,5,0,-1,116,116,119,0.0,2,6.9,météo très défavorable
2019-01-11,7,4,9,3,5,7,0.7,95,6.375,1029,91.125,7,6,2,119,266,176,0.0,2,3.3,météo très défavorable
2019-01-12,7,6,18,5,6,6,3.4,92,6.875,1030,89.0,8,7,3,176,176,266,0.0,2,3.3,météo très défavorable
2019-01-13,11,10,25,9,10,10,2.1,86,5.625,1022,99.875,10,8,7,266,122,176,0.0,3,3.3,météo défavorable
2019-01-14,9,8,16,8,8,8,2.0,73,9.875,1023,86.5,10,6,5,176,176,176,0.0,2,3.3,météo défavorable
2019-01-15,8,7,10,7,7,8,0.6,80,10.0,1024,88.875,8,5,5,176,119,119,0.0,2,3.3,météo très défavorable
2019-01-16,7,4,18,4,6,6,0.2,78,10.0,1020,65.25,7,4,1,119,122,116,0.0,2,6.9,météo très défavorable
2019-01-17,7,5,19,6,7,5,5.9,79,9.5,1017,71.5,7,5,2,293,119,176,0.0,2,3.3,météo très défavorable
2019-01-18,7,2,9,2,4,7,0.0,73,10.0,1020,32.0,7,1,2,116,122,116,0.0,2,6.9,météo très défavorable
2019-01-19,3,0,14,0,2,0,2.9,84,8.0,1017,73.75,3,1,-3,116,119,266,0.0,2,3.3,météo très défavorable
2019-01-20,4,2,10,2,3,3,1.0,82,8.625,1020,80.375,4,2,0,176,176,116,0.0,1,5.1,météo très défavorable
2019-01-21,5,1,6,1,3,4,0.0,61,10.0,1024,3.125,5,0,-1,113,116,116,0.0,2,8.7,météo très défavorable
2019-01-22,2,-1,17,-1,1,1,8.9,99,7.125,1018,69.125,2,2,-5,116,338,317,5.7,2,3.4,météo très défavorable
2019-01-23,1,-1,20,0,1,1,6.5,93,5.0,1004,84.375,1,1,-4,371,395,332,3.7,1,3.4,météo très défavorable
2019-01-24,1,-3,6,-3,-1,1,0.4,95,8.875,1016,71.5,1,0,-4,116,122,143,0.3,1,3.4,météo très défavorable
2019-01-25,3,1,10,1,2,1,1.6,99,2.125,1017,100.0,3,5,0,248,248,266,0.0,1,3.4,météo très défavorable
2019-01-26,8,6,19,5,7,8,1.4,96,5.375,1017,97.625,8,6,3,248,176,176,0.0,2,3.4,météo très défavorable
2019-01-27,7,6,30,7,7,6,11.2,80,7.875,1000,98.625,8,5,1,353,266,296,0.0,2,3.4,météo très défavorable
2019-01-28,6,3,18,3,5,5,1.7,76,9.875,1011,55.875,6,0,-1,116,116,122,0.0,1,3.4,météo très défavorable
2019-01-29,4,2,17,2,3,4,5.7,78,9.0,1012,72.875,4,0,-2,119,122,317,0.3,1,3.4,météo très défavorable
2019-01-30,2,1,18,1,1,2,18.1,100,6.125,998,79.625,2,2,-3,338,116,326,10.5,1,5.2,météo très défavorable
2019-01-31,1,-1,20,-1,0,0,2.2,93,9.375,997,50.125,1,3,-4,116,116,122,0.0,2,3.5,météo très défavorable
2019-02-01,6,3,9,3,5,5,10.1,99,7.0,987,92.75,6,5,0,263,353,248,0.0,1,3.5,météo très défavorable
2019-02-02,5,3,24,3,5,4,20.0,86,7.5,1009,92.125,5,3,-1,266,176,317,0.1,1,3.5,météo très défavorable
2019-02-03,5,2,16,2,4,5,0.8,86,8.25,1028,61.25,5,2,-2,329,116,122,0.3,2,5.2,météo très défavorable
2019-02-04,4,2,19,1,4,4,2.7,74,9.0,1029,64.375,4,0,-3,116,122,266,0.0,2,3.5,météo très défavorable
2019-02-05,7,2,8,2,5,7,0.0,78,12.5,1028,19.0,7,2,0,116,116,116,0.0,1,8.7,météo très défavorable
2019-02-06,10,5,16,4,8,10,3.4,97,5.75,1027,85.375,10,9,3,143,266,176,0.0,3,3.5,météo très défavorable
2019-02-07,10,9,20,9,10,9,9.5,84,8.25,1017,94.0,10,8,6,266,296,353,0.0,2,3.5,météo défavorable
2019-02-08,10,8,25,8,9,10,1.4,82,5.375,1017,97.625,10,7,5,119,266,266,0.0,2,3.6,météo défavorable
2019-02-09,12,10,31,11,11,11,5.8,66,14.5,1010,95.625,11,7,7,296,176,353,0.0,3,3.7,météo défavorable
2019-02-10,11,8,35,11,10,8,27.2,79,10.625,1010,95.875,11,7,4,296,302,353,0.0,2,3.7,météo très défavorable
2019-02-11,9,5,16,5,8,8,0.5,78,13.375,1032,58.125,9,3,2,116,176,176,0.0,2,3.7,météo très défavorable
2019-02-12,9,4,6,4,7,8,0.0,82,12.5,1037,22.75,9,3,4,116,116,116,0.0,3,8.7,météo très défavorable
2019-02-13,11,4,8,4,7,10,0.0,76,12.5,1037,5.375,11,3,3,116,116,116,0.0,3,8.7,météo très défavorable
2019-02-14,11,6,7,5,9,10,0.0,68,13.75,1035,13.125,11,4,4,116,116,116,0.0,3,8.7,météo défavorable
2019-02-15,16,8,8,7,12,15,0.0,62,12.875,1031,3.125,16,7,7,116,116,116,0.0,4,10.5,météo correcte
2019-02-16,16,9,8,8,13,16,0.0,73,14.625,1028,12.625,18,7,8,116,113,113,0.0,4,10.6,météo correcte
2019-02-17,16,8,14,7,13,16,0.0,60,15.0,1024,41.125,16,8,6,122,116,113,0.0,3,10.6,météo correcte
2019-02-18,14,9,14,10,11,12,0.0,77,11.625,1020,12.875,14,8,8,113,116,116,0.0,4,10.6,météo correcte
2019-02-19,13,8,6,8,11,12,1.8,82,10.5,1022,41.625,13,7,8,293,116,116,0.0,4,10.7,météo correcte
2019-02-20,13,7,7,6,10,13,0.0,84,10.0,1025,28.375,13,7,6,116,116,116,0.0,3,10.7,météo correcte
2019-02-21,18,9,5,9,12,18,0.0,84,10.0,1031,3.875,18,10,9,116,116,113,0.0,4,10.7,météo favorable
2019-02-22,17,12,8,10,15,16,0.0,79,10.0,1035,3.0,17,10,12,116,113,116,0.0,4,10.8,météo correcte
2019-02-23,16,10,12,10,13,16,0.0,76,18.375,1034,0.5,16,9,8,113,113,113,0.0,4,10.8,météo correcte
2019-02-24,15,9,10,9,13,12,0.0,43,11.25,1036,10.875,15,3,8,113,113,116,0.0,4,10.8,météo correcte
2019-02-25,17,10,10,9,14,17,0.0,55,10.0,1036,0.0,17,8,9,113,113,113,0.0,4,10.9,météo correcte
2019-02-26,20,12,8,12,16,19,0.0,69,10.0,1034,0.0,20,11,12,113,113,113,0.0,5,10.9,météo favorable
2019-02-27,22,13,5,13,18,21,0.0,75,10.0,1030,0.0,23,11,14,113,113,113,0.0,5,10.9,météo favorable
2019-02-28,16,11,20,11,12,12,1.5,76,10.0,1023,43.375,16,11,9,116,116,353,0.0,4,7.0,météo correcte
2019-03-01,12,10,18,10,11,12,3.3,79,9.0,1021,88.5,12,7,8,353,353,353,0.0,3,5.5,météo défavorable
2019-03-02,13,9,18,8,12,11,3.8,85,8.625,1021,72.375,13,7,7,119,296,176,0.0,3,7.0,météo défavorable
2019-03-03,13,11,25,11,12,11,0.7,81,10.0,1017,95.375,13,8,9,176,176,176,0.0,4,5.5,météo défavorable
2019-03-04,12,9,35,10,10,9,9.2,65,9.0,1008,91.125,12,7,5,176,353,389,0.0,2,5.6,météo défavorable
2019-03-05,11,8,24,6,9,11,3.1,75,9.0,1010,64.75,11,6,4,116,266,353,0.0,2,5.6,météo défavorable
2019-03-06,12,10,22,10,11,12,12.5,80,8.75,1007,67.625,12,9,8,116,176,302,0.0,4,5.6,météo défavorable
2019-03-07,12,9,29,9,11,10,17.7,71,8.0,1007,79.125,12,9,5,302,119,176,0.0,3,5.6,météo très défavorable
2019-03-08,12,7,19,6,10,12,0.1,77,10.0,1019,47.625,12,4,5,116,116,119,0.0,3,8.6,météo défavorable
2019-03-09,12,11,21,10,11,12,1.4,82,6.375,1019,90.75,12,9,9,266,122,122,0.0,4,5.6,météo défavorable
2019-03-10,13,9,35,13,12,9,10.0,69,9.125,1023,93.5,13,10,5,302,353,176,0.0,3,5.7,météo défavorable
2019-03-11,10,7,29,7,9,9,3.6,52,9.0,1029,67.5,10,1,3,353,353,116,0.0,2,7.2,météo défavorable
2019-03-12,13,7,31,6,10,10,4.7,61,9.75,1028,47.0,13,3,3,116,116,122,0.0,3,8.7,météo correcte
2019-03-13,10,7,28,5,9,9,2.7,64,9.875,1019,66.875,10,2,3,116,122,353,0.0,2,5.7,météo défavorable
2019-03-14,11,8,31,7,10,10,16.0,80,7.625,1020,99.5,13,9,4,266,302,296,0.0,2,5.7,météo très défavorable
2019-03-15,13,12,26,12,12,12,7.9,78,7.25,1017,100.0,12,9,9,296,266,266,0.0,3,5.8,météo défavorable
2019-03-16,12,10,26,10,11,11,0.4,74,9.0,1018,77.25,12,7,7,122,176,122,0.0,3,7.2,météo défavorable
2019-03-17,10,9,26,10,10,9,4.0,62,14.75,1015,65.0,10,5,6,176,263,176,0.0,3,8.7,météo défavorable
2019-03-18,12,7,15,5,10,10,0.8,74,18.0,1026,51.125,12,3,5,116,122,176,0.0,3,6.2,météo défavorable
2019-03-19,14,8,3,6,12,13,0.0,71,11.25,1032,11.375,14,4,8,116,116,116,0.0,4,11.6,météo correcte
2019-03-20,15,10,5,8,14,14,0.0,63,10.0,1035,30.375,15,5,10,116,116,119,0.0,4,10.3,météo correcte
2019-03-21,18,11,11,9,15,18,0.0,71,10.0,1035,11.0,18,10,10,116,116,116,0.0,4,11.6,météo favorable
2019-03-22,22,14,5,12,18,22,0.0,66,10.0,1032,0.0,24,10,14,113,113,113,0.0,5,11.6,météo favorable
2019-03-23,17,13,12,12,15,15,0.0,72,10.0,1030,5.875,17,10,13,113,116,116,0.0,4,11.6,météo correcte
2019-03-24,12,8,13,8,10,11,0.3,85,10.0,1029,47.5,13,7,6,119,176,176,0.0,3,7.6,météo défavorable
2019-03-25,11,8,21,7,11,10,0.0,67,10.0,1032,20.25,11,4,6,116,119,116,0.0,3,10.3,météo défavorable
2019-03-26,13,7,13,6,10,12,0.0,67,10.0,1034,17.0,13,3,5,116,116,116,0.0,3,11.6,météo correcte
2019-03-27,14,8,13,7,11,13,0.0,67,10.0,1035,13.0,14,5,7,116,116,116,0.0,4,11.6,météo correcte
2019-03-28,13,9,12,8,12,12,0.0,68,18.375,1036,31.75,13,6,7,116,116,119,0.0,4,9.0,météo correcte
2019-03-29,17,11,14,8,15,16,0.0,72,20.0,1033,14.75,17,8,10,116,116,116,0.0,4,11.6,météo correcte
2019-03-30,19,12,9,10,16,18,0.0,67,19.75,1026,29.25,19,7,12,116,116,116,0.0,4,11.6,météo favorable
2019-03-31,20,15,14,14,18,18,0.0,53,11.25,1022,17.375,20,7,15,116,116,116,0.0,5,11.6,météo favorable
2019-04-01,20,12,13,10,17,19,0.0,69,10.0,1020,16.875,20,7,11,116,116,116,0.0,5,11.6,météo favorable
2019-04-02,17,14,26,13,17,14,2.4,69,9.625,1013,68.75,17,10,13,353,176,353,0.0,5,9.0,météo défavorable
2019-04-03,11,7,15,6,10,10,1.9,60,9.5,1005,71.5,11,2,5,353,122,353,0.0,2,6.5,météo défavorable
2019-04-04,12,7,15,5,10,12,0.0,57,10.0,1002,12.125,12,0,6,116,116,116,0.0,3,11.6,météo défavorable
2019-04-05,13,8,16,5,11,12,0.0,53,10.0,1004,46.0,13,4,5,116,116,119,0.0,3,7.8,météo correcte
2019-04-06,16,9,14,7,14,16,0.1,62,10.0,1003,34.625,16,6,7,116,116,116,0.0,4,11.6,météo correcte
2019-04-07,15,10,10,10,12,15,1.2,73,8.375,1008,70.375,15,6,9,119,266,116,0.0,3,7.8,météo défavorable
2019-04-08,16,11,6,9,14,16,0.1,71,10.0,1011,67.875,16,7,11,116,122,116,0.0,4,7.8,météo défavorable
2019-04-09,17,12,12,11,16,16,9.3,72,9.125,1011,74.625,17,9,13,176,353,353,0.0,4,6.6,météo défavorable
2019-04-10,14,10,17,9,12,14,0.6,83,10.0,1016,70.875,14,9,9,119,122,353,0.0,3,7.9,météo défavorable
2019-04-11,15,8,17,6,13,13,0.0,62,10.0,1023,9.875,15,3,6,116,113,113,0.0,4,11.6,météo correcte
2019-04-12,12,8,15,6,11,10,0.0,59,10.0,1024,23.625,12,1,6,116,113,119,0.0,3,9.1,météo défavorable
2019-04-13,10,6,17,5,9,9,0.0,49,10.0,1025,15.75,10,0,3,113,113,116,0.0,3,11.6,météo défavorable
2019-04-14,11,6,12,4,9,10,0.0,53,10.0,1024,12.625,11,1,4,116,116,116,0.0,3,11.6,météo défavorable
2019-04-15,15,8,18,5,12,15,0.0,58,10.0,1024,7.625,15,7,6,116,116,116,0.0,4,11.6,météo correcte
2019-04-16,14,10,10,10,12,14,2.5,89,9.75,1018,77.75,14,9,9,176,296,176,0.0,4,6.9,météo défavorable
2019-04-17,19,12,12,9,17,18,0.0,73,10.0,1021,33.0,19,9,13,116,116,116,0.0,4,11.6,météo favorable
2019-04-18,22,15,17,12,20,21,0.0,68,10.0,1021,27.0,24,11,15,116,116,116,0.0,5,11.6,météo favorable
2019-04-19,24,17,12,14,22,23,0.1,62,10.0,1026,26.5,25,11,17,116,116,116,0.0,6,11.6,météo favorable
2019-04-20,25,19,17,15,23,23,0.3,61,9.875,1027,21.5,25,11,19,176,116,116,0.0,5,11.6,météo favorable
2019-04-21,25,20,14,18,23,23,0.0,49,10.0,1024,11.125,25,13,20,116,116,116,0.0,6,11.6,météo favorable
2019-04-22,25,20,14,16,24,24,0.0,53,10.0,1013,18.875,25,11,20,116,116,116,0.0,6,11.6,météo favorable
2019-04-23,22,18,7,15,21,22,0.5,55,10.0,1000,47.125,24,11,18,116,116,119,0.0,5,8.2,météo favorable
2019-04-24,17,15,22,14,15,15,1.8,67,9.75,1000,75.0,17,11,14,176,119,176,0.0,3,7.1,météo défavorable
2019-04-25,14,12,20,12,13,13,6.8,75,8.5,1009,81.75,14,8,10,296,266,353,0.0,3,7.1,météo défavorable
2019-04-26,18,13,16,10,16,17,0.2,61,10.0,1017,31.75,18,7,12,116,116,176,0.0,4,10.5,météo favorable
2019-04-27,13,11,28,11,12,11,3.2,58,6.625,1021,82.75,13,7,8,266,176,176,0.0,3,9.1,météo défavorable
2019-04-28,12,10,19,8,11,12,1.8,64,8.0,1021,75.625,12,5,7,116,266,353,0.0,3,10.2,météo défavorable
2019-04-29,18,12,10,9,16,17,0.1,65,10.0,1025,39.375,18,6,12,116,116,116,0.0,3,14.5,météo favorable
2019-04-30,18,13,14,10,17,16,0.0,62,10.0,1024,24.75,18,9,12,116,116,116,0.0,4,14.5,météo favorable
2019-05-01,21,14,8,10,20,19,0.0,64,10.0,1021,23.875,24,9,14,116,116,116,0.0,5,13.4,météo favorable
2019-05-02,14,12,16,11,13,14,4.9,79,8.0,1015,87.5,14,9,11,122,266,353,0.0,3,9.2,météo défavorable
2019-05-03,18,13,13,9,17,16,2.3,68,10.0,1015,40.25,18,8,12,116,176,353,0.0,4,13.5,météo favorable
2019-05-04,11,7,24,8,9,10,3.7,74,8.5,1019,57.125,11,7,3,119,302,176,0.0,3,11.4,météo défavorable
2019-05-05,13,9,20,6,11,12,0.9,59,9.75,1024,44.375,13,2,6,116,176,353,0.0,4,11.4,météo correcte
2019-05-06,14,10,8,9,14,13,0.1,52,10.0,1024,36.75,14,4,10,116,116,122,0.0,4,11.4,météo correcte
2019-05-07,16,12,13,9,15,15,0.2,50,10.0,1022,71.0,16,6,11,119,116,122,0.0,3,11.4,météo défavorable
2019-05-08,16,12,24,11,15,15,14.1,87,8.5,1009,86.5,16,10,10,266,302,353,0.0,3,9.4,météo défavorable
2019-05-09,16,12,26,11,15,15,12.3,76,8.875,1007,83.875,16,9,10,389,176,353,0.0,4,10.4,météo défavorable
2019-05-10,17,13,12,10,17,14,1.1,77,9.0,1012,70.625,17,11,13,176,119,263,0.0,4,9.4,météo défavorable
2019-05-11,16,9,17,10,12,15,34.9,89,8.375,1025,75.875,16,11,7,353,308,299,0.0,3,11.4,météo très défavorable
2019-05-12,16,11,18,8,14,15,0.1,59,10.0,1036,10.0,16,6,9,116,116,116,0.0,3,14.5,météo correcte
2019-05-13,17,12,20,9,15,16,0.0,55,10.0,1037,1.5,17,5,11,116,113,116,0.0,4,14.5,météo correcte
2019-05-14,18,13,19,10,17,17,0.0,51,10.0,1035,2.75,18,7,12,116,116,116,0.0,5,14.5,météo favorable
2019-05-15,18,14,17,12,17,17,0.0,50,10.0,1027,6.375,18,6,14,113,113,116,0.0,5,14.5,météo favorable
2019-05-16,17,14,16,11,16,16,0.0,53,10.0,1022,21.625,17,7,14,116,116,119,0.0,5,14.5,météo correcte
2019-05-17,22,15,8,11,20,20,0.9,66,10.0,1011,35.375,24,10,15,116,116,176,0.0,5,13.5,météo favorable
2019-05-18,19,16,10,13,19,19,2.8,68,10.0,1006,78.25,19,11,16,353,353,353,0.0,4,11.5,météo défavorable
2019-05-19,21,17,13,14,20,19,1.9,63,9.875,1008,62.0,21,11,17,116,119,176,0.0,4,10.5,météo correcte
2019-05-20,18,14,13,12,16,18,0.1,71,10.0,1013,69.875,18,11,14,119,122,176,0.0,5,10.5,météo défavorable
2019-05-21,21,16,15,13,20,20,0.4,65,9.875,1019,46.5,22,10,16,116,116,176,0.0,5,11.5,météo favorable
2019-05-22,24,18,3,15,22,22,0.0,55,10.0,1021,19.875,24,13,18,116,116,116,0.0,6,14.5,météo favorable
2019-05-23,24,19,8,16,22,23,0.0,54,10.0,1021,27.875,24,11,19,116,116,116,0.0,6,15.4,météo favorable
2019-05-24,23,18,13,15,22,22,0.2,56,9.875,1017,47.875,24,12,18,116,116,116,0.0,6,15.5,météo favorable
2019-05-25,22,18,15,15,21,21,0.6,60,9.875,1019,34.5,24,12,18,116,116,176,0.0,4,15.8,météo favorable
2019-05-26,21,18,16,15,21,19,0.1,62,10.0,1019,35.25,23,12,18,116,116,116,0.0,5,15.6,météo favorable
2019-05-27,20,16,18,15,19,19,1.1,70,8.0,1015,81.5,20,13,16,266,176,176,0.0,4,12.8,météo défavorable
2019-05-28,18,14,20,12,17,17,0.4,63,9.75,1016,39.25,18,8,13,116,176,176,0.0,5,15.9,météo favorable
2019-05-29,20,16,16,12,19,18,0.2,60,9.375,1023,53.25,20,10,16,116,119,116,0.0,5,13.7,météo correcte
2019-05-30,20,17,12,14,20,20,1.4,77,8.625,1026,92.5,20,14,17,176,122,353,0.0,4,11.9,météo défavorable
2019-05-31,23,20,5,16,22,20,0.1,66,10.0,1027,40.25,25,15,20,116,119,116,0.0,5,15.6,météo correcte
2019-06-01,31,22,10,20,28,30,0.0,66,10.0,1024,6.0,32,19,22,116,116,113,0.0,7,15.9,météo favorable
2019-06-02,30,25,19,21,29,29,0.0,62,10.0,1018,12.125,30,19,25,116,113,116,0.0,7,16.0,météo idéale
2019-06-03,23,19,10,19,20,22,2.0,74,9.0,1016,76.125,25,14,19,122,266,176,0.0,4,12.0,météo défavorable
2019-06-04,26,21,22,17,26,24,9.4,74,9.25,1014,52.75,27,17,21,116,353,356,0.0,5,14.7,météo correcte
2019-06-05,19,13,16,15,15,13,14.4,78,6.75,1009,86.75,19,14,12,302,266,293,0.0,4,12.0,météo défavorable
2019-06-06,20,15,13,12,18,20,12.8,66,9.0,1014,48.125,20,10,15,116,116,176,0.0,4,16.0,météo correcte
2019-06-07,16,15,35,14,16,15,4.7,70,9.5,1009,71.5,16,10,14,116,296,353,0.0,5,12.9,météo défavorable
2019-06-08,19,15,28,12,18,19,1.3,61,9.75,1023,66.875,19,10,14,122,119,176,0.0,4,13.8,météo défavorable
2019-06-09,22,16,10,14,19,22,0.0,68,17.375,1024,42.375,24,10,16,116,116,116,0.0,5,16.0,météo favorable
2019-06-10,18,17,17,15,18,18,0.9,67,11.125,1017,56.75,18,11,17,176,119,116,0.0,5,14.7,météo correcte
2019-06-11,19,16,15,12,19,18,0.7,59,11.5,1013,55.25,19,10,16,116,116,176,0.0,5,13.8,météo correcte
2019-06-12,18,15,22,13,17,17,3.0,65,15.75,1011,67.5,18,10,15,176,119,353,0.0,4,15.6,météo défavorable
2019-06-13,20,15,23,12,19,20,0.0,67,17.75,1013,44.375,20,12,14,116,119,116,0.0,5,15.6,météo correcte
2019-06-14,24,18,10,15,21,23,4.3,67,17.75,1014,68.5,25,14,18,296,116,176,0.0,6,13.8,météo défavorable
2019-06-15,22,18,19,16,21,21,4.5,51,15.75,1018,46.5,24,14,18,176,116,116,0.0,4,16.1,météo favorable
2019-06-16,22,17,14,14,20,20,0.1,68,18.125,1022,46.375,23,14,17,116,116,176,0.0,5,15.6,météo favorable
2019-06-17,27,21,10,18,26,25,0.0,60,19.75,1021,13.0,27,15,21,116,116,116,0.0,6,16.1,météo favorable
2019-06-18,28,22,14,20,26,28,0.2,61,20.0,1017,21.25,29,17,22,116,116,176,0.0,6,16.1,météo favorable
2019-06-19,24,23,23,21,24,23,2.7,60,11.375,1011,37.0,25,17,23,116,116,176,0.0,6,16.1,météo favorable
2019-06-20,22,16,14,17,19,21,1.4,78,9.0,1018,65.125,23,14,16,353,266,116,0.0,4,14.7,météo défavorable
2019-06-21,23,19,14,15,22,21,0.1,53,10.0,1021,37.25,24,11,19,176,116,116,0.0,6,16.1,météo favorable
2019-06-22,25,18,13,15,23,24,0.0,57,10.0,1022,12.125,26,14,18,116,116,116,0.0,6,16.1,météo favorable
2019-06-23,27,22,16,19,26,27,0.0,65,10.0,1017,22.5,28,19,22,116,116,116,0.0,6,16.1,météo favorable
2019-06-24,31,26,15,22,30,29,0.0,60,10.0,1017,20.625,32,20,26,116,116,116,0.0,7,16.1,météo favorable
2019-06-25,32,26,12,23,31,32,0.0,71,10.0,1021,18.5,34,21,26,116,116,116,0.0,7,16.1,météo favorable
2019-06-26,33,26,19,22,31,32,0.0,71,10.0,1022,9.375,37,23,26,116,116,116,0.0,7,16.1,météo favorable
2019-06-27,31,25,21,21,30,29,0.0,73,10.0,1023,9.75,35,22,25,116,113,116,0.0,7,16.1,météo favorable
2019-06-28,31,24,16,21,29,30,0.0,57,10.0,1023,13.125,32,18,24,113,116,116,0.0,7,16.1,météo favorable
2019-06-29,34,26,13,23,31,34,0.0,52,10.0,1020,9.25,38,22,26,116,116,116,0.0,7,16.1,météo favorable
2019-06-30,29,24,12,22,27,27,0.1,50,9.875,1019,16.25,33,22,24,116,116,116,0.0,7,16.1,météo favorable
2019-07-01,26,21,17,18,25,24,2.7,55,9.75,1022,32.0,26,14,21,176,116,116,0.0,5,16.1,météo favorable
2019-07-02,26,20,17,18,24,25,0.0,61,10.0,1023,2.5,26,14,20,113,116,113,0.0,6,16.1,météo favorable
2019-07-03,25,19,19,16,23,23,0.0,60,10.0,1022,4.375,26,13,19,116,116,113,0.0,6,16.1,météo favorable
2019-07-04,28,20,13,16,25,28,0.0,57,10.0,1023,2.25,28,14,20,116,113,113,0.0,6,16.0,météo idéale
2019-07-05,32,24,10,19,30,31,0.0,43,10.0,1021,16.375,31,16,24,116,116,113,0.0,7,16.0,météo favorable
2019-07-06,31,26,14,22,30,30,1.0,49,9.875,1016,40.0,31,15,26,116,176,116,0.0,7,15.6,météo favorable
2019-07-07,28,21,15,18,27,24,1.5,62,9.875,1016,46.125,27,14,21,116,116,176,0.0,5,16.0,météo favorable
2019-07-08,23,18,18,15,21,22,0.0,52,10.0,1020,33.875,24,11,18,122,116,116,0.0,5,16.0,météo favorable
2019-07-09,23,17,16,14,21,23,0.0,55,10.0,1021,7.5,24,9,16,116,116,116,0.0,5,16.0,météo favorable
2019-07-10,27,21,9,18,25,26,0.0,49,10.0,1021,26.125,27,14,21,116,116,116,0.0,6,16.0,météo favorable
2019-07-11,27,21,11,21,24,27,4.5,67,9.625,1017,76.0,27,15,21,119,356,176,0.0,5,12.0,météo défavorable
2019-07-12,25,20,19,18,23,24,0.3,61,9.875,1016,47.625,26,14,20,116,119,176,0.0,5,14.5,météo correcte
2019-07-13,25,21,14,19,24,24,0.0,58,10.0,1020,16.0,26,14,21,116,116,116,0.0,6,14.5,météo favorable
2019-07-14,23,16,22,15,20,22,0.0,72,10.0,1020,26.75,24,14,16,116,119,116,0.0,5,13.5,météo correcte
2019-07-15,24,17,16,14,22,24,0.0,64,10.0,1020,9.0,25,14,17,116,116,113,0.0,6,14.5,météo favorable
2019-07-16,27,21,8,18,24,27,0.0,58,10.0,1020,8.125,27,14,21,113,113,116,0.0,6,14.5,météo idéale
2019-07-17,29,24,6,19,28,27,0.0,51,10.0,1017,20.875,28,14,24,116,116,116,0.0,7,14.5,météo favorable
2019-07-18,24,21,15,19,24,23,1.2,60,10.0,1014,48.5,25,15,21,116,119,353,0.0,6,11.6,météo correcte
2019-07-19,27,21,14,19,24,27,1.2,59,10.0,1016,53.0,27,16,21,122,116,116,0.0,5,14.5,météo favorable
2019-07-20,26,23,22,21,25,26,3.2,56,10.0,1016,65.375,27,15,23,176,176,353,0.0,6,9.6,météo défavorable
2019-07-21,29,22,9,19,27,28,0.0,54,10.0,1023,32.375,28,14,22,119,116,116,0.0,5,14.5,météo favorable
2019-07-22,35,27,10,24,32,34,0.0,51,10.0,1024,2.25,35,16,27,113,113,113,0.0,8,14.5,météo favorable
2019-07-23,36,29,13,25,33,36,0.0,45,10.0,1022,0.875,36,16,29,113,113,113,0.0,8,14.5,météo favorable
2019-07-24,38,31,9,28,35,38,0.1,39,10.0,1015,11.75,40,20,31,116,116,116,0.0,8,14.5,météo correcte
2019-07-25,40,32,14,29,38,39,5.4,40,9.75,1014,31.25,42,20,32,116,176,116,0.0,8,13.5,météo correcte
2019-07-26,30,25,20,24,29,28,1.2,56,9.875,1011,58.375,32,18,25,176,176,116,0.0,6,13.5,météo correcte
2019-07-27,24,20,15,18,22,23,11.2,71,9.25,1008,77.375,25,15,20,296,176,116,0.0,5,9.5,météo défavorable
2019-07-28,23,19,17,17,22,20,1.2,70,10.0,1010,62.5,25,15,19,116,122,353,0.0,5,11.5,météo correcte
2019-07-29,29,22,11,19,26,29,0.0,47,10.0,1012,9.875,27,11,22,116,116,116,0.0,6,14.5,météo favorable
2019-07-30,24,21,24,19,24,23,0.4,57,9.75,1015,35.375,25,12,21,116,116,116,0.0,6,12.5,météo favorable
2019-07-31,22,19,16,17,21,21,0.2,55,10.0,1019,48.75,24,12,19,176,116,116,0.0,5,13.5,météo favorable
2019-08-01,28,22,11,19,26,27,0.0,39,10.0,1019,23.25,27,14,22,116,116,116,0.0,6,14.5,météo favorable
2019-08-02,28,22,14,19,26,26,0.0,56,10.0,1018,45.125,27,14,22,119,116,116,0.0,6,14.5,météo favorable
2019-08-03,26,20,11,18,24,25,0.0,66,10.0,1019,18.875,26,14,20,116,116,116,0.0,6,14.5,météo favorable
2019-08-04,32,23,6,19,29,31,0.1,54,10.0,1016,36.25,30,14,23,116,116,116,0.0,7,13.5,météo favorable
2019-08-05,28,21,14,20,25,27,1.2,59,10.0,1015,43.5,27,15,21,116,116,116,0.0,5,13.5,météo favorable
2019-08-06,22,17,12,20,20,17,17.3,78,9.125,1013,66.375,25,16,17,353,293,299,0.0,4,10.4,météo très défavorable
2019-08-07,26,21,16,19,24,25,0.0,66,10.0,1011,53.375,26,16,21,116,119,116,0.0,6,13.5,météo correcte
2019-08-08,29,23,9,20,27,29,0.0,47,10.0,1013,35.625,29,15,23,116,116,116,0.0,7,14.5,météo favorable
2019-08-09,27,23,21,23,27,23,9.4,65,9.25,1009,65.25,28,19,23,176,353,299,0.0,7,10.3,météo défavorable
2019-08-10,25,20,26,20,22,25,0.0,58,10.0,1017,51.875,25,13,20,122,122,116,0.0,6,12.4,météo correcte
2019-08-11,22,19,14,17,20,22,0.2,60,10.0,1018,50.625,24,11,19,116,116,353,0.0,5,11.3,météo favorable
2019-08-12,23,19,19,17,22,22,0.7,57,9.875,1017,41.75,24,11,19,116,116,176,0.0,6,11.3,météo favorable
2019-08-13,21,17,15,15,20,19,0.7,55,10.0,1021,33.125,23,11,17,116,116,176,0.0,5,11.3,météo favorable
2019-08-14,24,19,17,16,22,23,0.1,59,10.0,1020,56.0,25,11,19,116,122,116,0.0,6,10.2,météo correcte
2019-08-15,23,19,21,18,21,22,1.7,66,9.375,1018,80.875,25,14,19,353,176,353,0.0,5,10.2,météo défavorable
2019-08-16,25,20,16,17,23,23,0.0,59,10.0,1020,25.5,26,13,20,116,116,116,0.0,6,12.4,météo favorable
2019-08-17,20,18,19,17,19,20,15.9,89,7.75,1012,88.875,20,18,18,296,266,296,0.0,5,9.1,météo défavorable
2019-08-18,23,21,24,19,22,22,6.2,77,8.625,1013,83.125,25,17,21,296,293,353,0.0,5,10.2,météo défavorable
2019-08-19,23,19,15,17,22,22,0.0,58,10.0,1020,39.125,24,11,19,122,116,116,0.0,6,10.5,météo favorable
2019-08-20,23,19,10,17,22,22,0.0,56,10.0,1026,43.0,24,10,19,119,116,116,0.0,6,10.5,météo favorable
2019-08-21,26,19,9,16,23,25,0.0,51,10.0,1028,22.125,27,11,19,116,116,116,0.0,6,10.5,météo favorable
2019-08-22,28,21,10,18,25,27,0.0,37,10.0,1026,7.25,26,12,21,116,116,116,0.0,6,11.6,météo favorable
2019-08-23,28,21,11,19,25,27,0.0,49,10.0,1025,18.875,27,12,21,113,116,116,0.0,6,11.6,météo favorable
2019-08-24,31,23,9,21,28,29,0.0,55,10.0,1020,29.5,29,14,23,113,116,122,0.0,7,9.3,météo favorable
2019-08-25,37,28,9,24,34,36,0.0,42,10.0,1018,14.125,37,13,28,116,113,116,0.0,8,11.6,météo favorable
2019-08-26,33,28,9,25,32,32,0.0,38,10.0,1018,2.625,32,14,28,116,113,116,0.0,8,11.6,météo idéale
2019-08-27,34,26,10,24,31,33,0.0,44,9.875,1016,13.625,33,15,26,116,116,200,0.0,7,11.6,météo favorable
2019-08-28,28,24,14,23,27,27,0.4,57,9.875,1016,40.75,29,16,24,116,116,116,0.0,7,11.6,météo favorable
2019-08-29,26,21,12,20,24,25,0.0,59,10.0,1022,15.375,27,16,21,116,116,116,0.0,6,11.6,météo favorable
2019-08-30,28,22,5,18,26,27,0.0,43,10.0,1024,12.125,27,11,22,113,113,116,0.0,6,11.6,météo idéale
2019-08-31,30,23,19,20,29,28,0.0,52,10.0,1018,19.5,30,13,23,116,116,116,0.0,7,11.6,météo favorable
2019-09-01,23,19,15,17,21,21,0.4,58,9.0,1020,46.5,24,12,19,266,119,116,0.0,6,9.1,météo correcte
2019-09-02,24,18,10,16,22,23,0.0,53,10.0,1026,9.5,24,10,18,116,116,116,0.0,6,11.6,météo favorable
2019-09-03,25,19,12,17,23,24,0.0,57,10.0,1027,4.75,25,13,19,116,116,116,0.0,6,11.6,météo favorable
2019-09-04,23,19,19,17,23,19,0.0,55,10.0,1023,15.625,23,14,19,116,116,122,0.0,6,10.3,météo favorable
2019-09-05,19,16,17,14,19,18,0.0,63,10.0,1027,46.5,19,10,16,119,116,122,0.0,5,9.1,météo favorable
2019-09-06,22,16,13,13,20,20,0.0,44,10.0,1028,19.75,23,9,16,116,116,116,0.0,5,11.6,météo favorable
2019-09-07,20,16,15,14,19,19,0.4,73,10.0,1023,62.5,20,12,16,353,176,122,0.0,5,7.8,météo correcte
2019-09-08,19,14,13,12,17,18,0.2,60,10.0,1023,35.375,19,9,14,116,176,116,0.0,5,11.6,météo favorable
2019-09-09,19,13,12,12,17,18,0.0,64,10.0,1020,56.75,19,8,13,116,119,116,0.0,4,7.8,météo correcte
2019-09-10,23,16,10,14,21,22,0.0,47,10.0,1021,30.625,24,7,17,116,116,116,0.0,5,11.6,météo favorable
2019-09-11,23,17,13,15,20,22,0.0,62,10.0,1026,41.0,24,10,17,116,116,116,0.0,5,11.6,météo favorable
2019-09-12,24,18,8,17,21,24,0.0,77,10.0,1031,58.25,25,16,18,116,122,119,0.0,6,6.4,météo correcte
2019-09-13,25,19,12,18,23,24,0.0,71,10.0,1033,29.25,26,16,19,116,116,116,0.0,6,11.6,météo favorable
2019-09-14,28,19,11,16,25,28,0.0,73,10.0,1032,6.75,28,15,19,116,113,113,0.0,6,11.6,météo idéale
2019-09-15,32,23,6,21,28,31,0.0,54,10.0,1026,0.0,31,15,23,113,113,113,0.0,7,11.6,météo idéale
2019-09-16,22,0,12,0,0,0,0.0,46,10.0,1023,29.5,26,14,20,116,116,116,0.0,6,11.6,météo favorable
2019-09-17,23,18,16,17,21,22,0.0,71,10.0,1023,35.375,25,15,18,119,116,113,0.0,6,11.6,météo favorable
2019-09-18,19,14,20,12,17,18,0.0,56,10.0,1026,5.375,19,8,12,116,116,116,0.0,5,11.6,météo favorable
2019-09-19,20,14,19,12,18,19,0.0,60,10.0,1028,1.875,20,7,13,116,116,113,0.0,5,11.6,météo favorable
2019-09-20,23,15,19,12,19,22,0.0,42,10.0,1027,1.5,23,4,14,113,113,113,0.0,5,11.6,météo favorable
2019-09-21,28,18,12,16,24,26,0.0,59,10.0,1017,6.125,27,12,18,113,116,116,0.0,6,11.6,météo favorable
2019-09-22,22,18,18,19,20,18,1.9,71,9.75,1011,54.0,25,14,18,116,116,176,0.0,5,7.4,météo favorable
2019-09-23,22,16,13,14,20,21,0.3,71,10.0,1016,35.125,24,12,16,116,116,116,0.0,4,11.6,météo favorable
2019-09-24,20,16,21,17,17,20,4.3,79,9.75,1015,81.0,22,13,16,116,296,353,0.0,4,6.0,météo défavorable
2019-09-25,18,15,19,15,16,18,4.9,78,9.5,1009,83.125,18,13,15,119,296,353,0.0,4,7.4,météo défavorable
2019-09-26,21,18,23,17,20,20,2.3,81,8.875,1012,100.0,22,15,18,122,266,122,0.0,4,6.0,météo défavorable
2019-09-27,21,17,25,16,20,19,6.7,66,8.25,1013,72.875,21,14,17,176,353,353,0.0,4,7.4,météo défavorable
2019-09-28,19,15,21,14,19,18,0.1,70,10.0,1016,64.0,19,10,15,116,116,176,0.0,4,7.4,météo correcte
2019-09-29,19,15,31,14,18,19,1.9,72,7.0,1014,76.625,19,14,15,116,266,266,0.0,5,5.9,météo défavorable
2019-09-30,20,15,15,14,18,20,0.1,71,10.0,1015,46.125,20,10,15,176,119,116,0.0,4,10.2,météo correcte
2019-10-01,21,19,24,18,20,19,2.7,75,9.875,1010,84.625,21,15,19,122,353,353,0.0,4,5.9,météo défavorable
2019-10-02,16,14,18,14,15,14,3.3,71,10.0,1021,50.875,16,12,12,353,176,113,0.0,3,8.7,météo correcte
2019-10-03,16,11,8,10,14,16,0.0,51,10.0,1022,13.875,17,3,11,116,116,116,0.0,4,11.6,météo correcte
2019-10-04,17,15,20,14,16,16,2.1,71,10.0,1013,87.25,17,10,15,176,176,353,0.0,5,5.9,météo défavorable
2019-10-05,16,14,6,14,15,15,2.1,85,9.375,1015,84.5,17,13,15,176,353,263,0.0,4,5.8,météo défavorable
2019-10-06,18,15,24,15,17,16,3.3,83,9.625,1015,59.875,18,12,14,176,296,116,0.0,4,8.7,météo correcte
2019-10-07,17,14,11,13,16,16,0.1,76,10.0,1019,71.25,17,10,13,119,176,116,0.0,5,8.7,météo défavorable
2019-10-08,16,9,19,15,15,13,14.4,88,7.875,1015,87.625,15,13,14,266,296,302,0.0,4,5.6,météo défavorable
2019-10-09,16,13,24,12,15,15,1.8,67,10.0,1013,60.125,16,10,11,116,176,353,0.0,4,7.1,météo correcte
2019-10-10,18,13,17,12,16,18,2.3,72,9.75,1018,44.625,18,10,12,293,119,116,0.0,5,10.1,météo correcte
2019-10-11,20,14,20,13,17,19,0.0,82,10.0,1018,21.625,20,12,12,116,122,116,0.0,5,10.1,météo correcte
2019-10-12,20,15,17,14,18,20,0.1,78,10.0,1013,54.125,20,16,15,116,122,122,0.0,5,7.0,météo correcte
2019-10-13,24,19,28,17,23,21,1.2,65,10.0,1012,53.625,25,15,19,353,116,176,0.0,5,8.5,météo favorable
2019-10-14,22,18,15,16,22,20,3.9,69,9.5,1013,53.75,25,14,18,116,116,296,0.0,5,10.1,météo favorable
2019-10-15,17,15,20,15,17,15,4.8,73,9.375,1011,69.875,17,13,15,293,116,122,0.0,4,5.5,météo défavorable
2019-10-16,15,14,26,14,15,15,3.0,73,5.875,1012,96.0,15,11,12,266,266,266,0.0,3,5.4,météo défavorable
2019-10-17,16,14,14,14,14,16,1.9,83,9.75,1012,81.125,16,12,14,353,122,176,0.0,3,3.9,météo défavorable
2019-10-18,17,14,26,14,16,16,1.0,63,10.0,1009,56.875,17,11,12,353,299,116,0.0,4,7.1,météo correcte
2019-10-19,16,14,15,14,15,15,6.1,82,8.5,1008,93.625,16,12,13,176,302,353,0.0,3,3.9,météo défavorable
2019-10-20,14,12,17,13,12,12,12.9,87,8.75,1008,96.5,14,12,10,302,302,122,0.0,3,3.9,météo défavorable
2019-10-21,15,12,19,12,14,15,2.2,79,9.875,1022,72.75,15,11,10,353,122,116,0.0,3,5.5,météo défavorable
2019-10-22,15,12,13,11,14,14,0.0,79,10.0,1024,25.0,15,10,12,116,116,116,0.0,4,8.7,météo correcte
2019-10-23,17,13,13,12,15,17,0.0,78,10.0,1019,46.875,17,13,12,122,116,116,0.0,3,8.7,météo correcte
2019-10-24,18,15,19,14,17,16,0.0,68,10.0,1013,33.875,18,13,15,116,116,119,0.0,5,8.7,météo favorable
2019-10-25,17,13,19,13,15,17,0.0,82,10.0,1021,47.875,17,13,11,116,119,122,0.0,3,5.4,météo correcte
2019-10-26,20,14,19,14,17,19,0.0,76,10.0,1019,15.375,20,12,13,116,119,116,0.0,5,8.7,météo correcte
2019-10-27,16,9,15,13,9,7,15.6,85,5.875,1024,79.875,16,12,7,266,302,266,0.0,3,3.8,météo défavorable
2019-10-28,11,8,14,8,10,11,0.1,68,10.0,1024,50.75,11,5,6,116,116,116,0.0,2,8.7,météo défavorable
2019-10-29,10,9,17,9,10,9,0.0,66,10.0,1022,70.25,11,5,6,122,116,119,0.0,2,7.1,météo défavorable
2019-10-30,10,9,13,9,9,10,0.1,73,10.0,1023,81.75,10,6,7,122,116,176,0.0,3,3.8,météo défavorable
2019-10-31,11,9,8,9,10,11,0.3,85,9.0,1021,95.125,11,9,8,266,176,122,0.0,3,3.7,météo défavorable