Date,nom_poll,unite,valeur
2017-09-18,O3,ug.m-3,37.26600985221675
2017-09-18,PM10,ug.m-3,11.210504201680669
2017-09-18,PM2.5,ug.m-3,4.446560846560846
2017-09-19,O3,ug.m-3,35.553779069767444
2017-09-19,PM10,ug.m-3,12.56904176904177
2017-09-19,PM2.5,ug.m-3,4.891203703703697
2017-09-20,O3,ug.m-3,29.39367816091954
2017-09-20,PM10,ug.m-3,16.711624999999934
2017-09-20,PM2.5,ug.m-3,6.600470957613825
2017-09-21,O3,ug.m-3,37.80663780663781
2017-09-21,PM10,ug.m-3,17.991190476190425
2017-09-21,PM2.5,ug.m-3,7.119791666666678
2017-09-22,O3,ug.m-3,33.064935064935064
2017-09-22,PM10,ug.m-3,18.734767025089607
2017-09-22,PM2.5,ug.m-3,6.537070254110609
2017-09-23,O3,ug.m-3,33.39710144927536
2017-09-23,PM10,ug.m-3,17.498331346841493
2017-09-23,PM2.5,ug.m-3,8.956994047619046
2017-09-24,O3,ug.m-3,42.73706896551724
2017-09-24,PM10,ug.m-3,16.117619047619048
2017-09-24,PM2.5,ug.m-3,9.165327380952393
2017-09-25,O3,ug.m-3,36.0
2017-09-25,PM10,ug.m-3,20.234445768772293
2017-09-25,PM2.5,ug.m-3,8.869335347432022
2017-09-26,O3,ug.m-3,38.26293103448276
2017-09-26,PM10,ug.m-3,19.256666666666657
2017-09-26,PM2.5,ug.m-3,11.3682299546142
2017-09-27,O3,ug.m-3,27.229885057471265
2017-09-27,PM10,ug.m-3,18.447431302270058
2017-09-27,PM2.5,ug.m-3,10.090210843373494
2017-09-28,O3,ug.m-3,27.524425287356323
2017-09-28,PM10,ug.m-3,19.015173237753853
2017-09-28,PM2.5,ug.m-3,8.267427701674277
2017-09-29,O3,ug.m-3,34.4080459770115
2017-09-29,PM10,ug.m-3,25.623655913978514
2017-09-29,PM2.5,ug.m-3,9.917964071856295
2017-09-30,O3,ug.m-3,48.007183908045974
2017-09-30,PM10,ug.m-3,16.25842293906809
2017-09-30,PM2.5,ug.m-3,5.662145110410088
2017-10-01,O3,ug.m-3,43.42672413793103
2017-10-01,PM10,ug.m-3,10.271309523809535
2017-10-01,PM2.5,ug.m-3,4.270238095238088
2017-10-02,O3,ug.m-3,33.48051948051948
2017-10-02,PM10,ug.m-3,9.510882708585251
2017-10-02,PM2.5,ug.m-3,3.159131736526949
2017-10-03,O3,ug.m-3,38.11904761904762
2017-10-03,PM10,ug.m-3,14.386972255729825
2017-10-03,PM2.5,ug.m-3,4.213893129770993
2017-10-04,O3,ug.m-3,30.17241379310345
2017-10-04,PM10,ug.m-3,21.54245742092459
2017-10-04,PM2.5,ug.m-3,6.785565476190473
2017-10-05,O3,ug.m-3,28.419590643274855
2017-10-05,PM10,ug.m-3,16.7033412887828
2017-10-05,PM2.5,ug.m-3,6.138839285714288
2017-10-06,O3,ug.m-3,26.29310344827586
2017-10-06,PM10,ug.m-3,18.609928229665066
2017-10-06,PM2.5,ug.m-3,5.4706153846153915
2017-10-07,O3,ug.m-3,37.22270114942529
2017-10-07,PM10,ug.m-3,15.512634088200253
2017-10-07,PM2.5,ug.m-3,6.683083832335321
2017-10-08,O3,ug.m-3,29.711206896551722
2017-10-08,PM10,ug.m-3,12.611203814064359
2017-10-08,PM2.5,ug.m-3,5.436377245508982
2017-10-09,O3,ug.m-3,25.719424460431654
2017-10-09,PM10,ug.m-3,18.30791666666663
2017-10-09,PM2.5,ug.m-3,5.536904761904754
2017-10-10,O3,ug.m-3,27.573275862068964
2017-10-10,PM10,ug.m-3,13.679331683168314
2017-10-10,PM2.5,ug.m-3,4.887999999999999
2017-10-11,O3,ug.m-3,34.82327586206897
2017-10-11,PM10,ug.m-3,17.351248357424446
2017-10-11,PM2.5,ug.m-3,5.222544283413839
2017-10-12,O3,ug.m-3,37.07327586206897
2017-10-12,PM10,ug.m-3,17.787859007832857
2017-10-12,PM2.5,ug.m-3,7.032328308207705
2017-10-13,O3,ug.m-3,26.79739507959479
2017-10-13,PM10,ug.m-3,19.146714456391877
2017-10-13,PM2.5,ug.m-3,7.68247261345853
2017-10-14,O3,ug.m-3,24.293002915451893
2017-10-14,PM10,ug.m-3,19.122181818181843
2017-10-14,PM2.5,ug.m-3,8.934398782343987
2017-10-15,O3,ug.m-3,35.83982683982684
2017-10-15,PM10,ug.m-3,24.9362336114422
2017-10-15,PM2.5,ug.m-3,12.63015151515152
2017-10-16,O3,ug.m-3,35.616379310344826
2017-10-16,PM10,ug.m-3,36.543785310734535
2017-10-16,PM2.5,ug.m-3,14.398837209302332
2017-10-17,O3,ug.m-3,21.331884057971013
2017-10-17,PM10,ug.m-3,35.99383647798742
2017-10-17,PM2.5,ug.m-3,15.968847352024902
2017-10-18,O3,ug.m-3,25.113832853025936
2017-10-18,PM10,ug.m-3,28.867264038231756
2017-10-18,PM2.5,ug.m-3,12.67635542168675
2017-10-19,O3,ug.m-3,40.35539568345324
2017-10-19,PM10,ug.m-3,22.235568862275482
2017-10-19,PM2.5,ug.m-3,8.690303030303022
2017-10-20,O3,ug.m-3,51.39367816091954
2017-10-20,PM10,ug.m-3,18.307798165137626
2017-10-20,PM2.5,ug.m-3,5.553153153153164
2017-10-21,O3,ug.m-3,57.74170274170274
2017-10-21,PM10,ug.m-3,13.50436363636364
2017-10-21,PM2.5,ug.m-3,5.358053691275167
2017-10-22,O3,ug.m-3,60.11494252873563
2017-10-22,PM10,ug.m-3,12.494398092967812
2017-10-22,PM2.5,ug.m-3,4.401052631578946
2017-10-23,O3,ug.m-3,41.55890804597701
2017-10-23,PM10,ug.m-3,11.504290822407622
2017-10-23,PM2.5,ug.m-3,4.398051948051945
2017-10-24,O3,ug.m-3,27.60410557184751
2017-10-24,PM10,ug.m-3,10.505514705882353
2017-10-24,PM2.5,ug.m-3,5.034158415841589
2017-10-25,O3,ug.m-3,27.03735632183908
2017-10-25,PM10,ug.m-3,16.20158343483557
2017-10-25,PM2.5,ug.m-3,6.227608346709474
2017-10-26,O3,ug.m-3,5.60632183908046
2017-10-26,PM10,ug.m-3,19.59185185185182
2017-10-26,PM2.5,ug.m-3,10.373831775700909
2017-10-27,O3,ug.m-3,25.385057471264368
2017-10-27,PM10,ug.m-3,25.13196405648271
2017-10-27,PM2.5,ug.m-3,12.570014992503749
2017-10-28,O3,ug.m-3,32.552083333333336
2017-10-28,PM10,ug.m-3,16.301428571428534
2017-10-28,PM2.5,ug.m-3,7.20286144578312
2017-10-29,O3,ug.m-3,49.586666666666666
2017-10-29,PM10,ug.m-3,11.507030303030298
2017-10-29,PM2.5,ug.m-3,4.406547619047629
2017-10-30,O3,ug.m-3,30.6006600660066
2017-10-30,PM10,ug.m-3,21.96739659367399
2017-10-30,PM2.5,ug.m-3,6.621987951807241
2017-10-31,O3,ug.m-3,12.210950080515298
2017-10-31,PM10,ug.m-3,31.855595238095187
2017-10-31,PM2.5,ug.m-3,13.635090361445748
2017-11-01,O3,ug.m-3,13.400641025641026
2017-11-01,PM10,ug.m-3,24.436428571428557
2017-11-01,PM2.5,ug.m-3,13.626506024096399
2017-11-02,O3,ug.m-3,13.021604938271604
2017-11-02,PM10,ug.m-3,32.91010830324908
2017-11-02,PM2.5,ug.m-3,16.095625942684773
2017-11-03,O3,ug.m-3,17.341954022988507
2017-11-03,PM10,ug.m-3,27.693571428571463
2017-11-03,PM2.5,ug.m-3,15.677996422182472
2017-11-04,O3,ug.m-3,37.64942528735632
2017-11-04,PM10,ug.m-3,16.374404761904742
2017-11-04,PM2.5,ug.m-3,9.51370481927711
2017-11-05,O3,ug.m-3,49.69971264367816
2017-11-05,PM10,ug.m-3,8.795912408759131
2017-11-05,PM2.5,ug.m-3,4.15787878787879
2017-11-06,O3,ug.m-3,20.50793650793651
2017-11-06,PM10,ug.m-3,22.783381088825262
2017-11-06,PM2.5,ug.m-3,9.251497005988007
2017-11-07,O3,ug.m-3,13.55316091954023
2017-11-07,PM10,ug.m-3,34.05309523809518
2017-11-07,PM2.5,ug.m-3,14.726785714285716
2017-11-08,O3,ug.m-3,7.75254730713246
2017-11-08,PM10,ug.m-3,35.41251489868889
2017-11-08,PM2.5,ug.m-3,19.824237804878045
2017-11-09,O3,ug.m-3,18.06086956521739
2017-11-09,PM10,ug.m-3,35.012142857142855
2017-11-09,PM2.5,ug.m-3,17.64024024024022
2017-11-10,O3,ug.m-3,37.48079877112135
2017-11-10,PM10,ug.m-3,13.82622169249106
2017-11-10,PM2.5,ug.m-3,5.915292353823088
2017-11-11,O3,ug.m-3,50.07427536231884
2017-11-11,PM10,ug.m-3,9.309080047789704
2017-11-11,PM2.5,ug.m-3,4.078866768759564
2017-11-12,O3,ug.m-3,59.27462121212121
2017-11-12,PM10,ug.m-3,6.041120381406433
2017-11-12,PM2.5,ug.m-3,3.2811355311355306
2017-11-13,O3,ug.m-3,40.770833333333336
2017-11-13,PM10,ug.m-3,16.253809523809526
2017-11-13,PM2.5,ug.m-3,5.726126126126132
2017-11-14,O3,ug.m-3,13.959677419354838
2017-11-14,PM10,ug.m-3,26.278136200716826
2017-11-14,PM2.5,ug.m-3,11.25622119815666
2017-11-15,O3,ug.m-3,8.10344827586207
2017-11-15,PM10,ug.m-3,26.78467065868261
2017-11-15,PM2.5,ug.m-3,15.236826347305406
2017-11-16,O3,ug.m-3,7.567293777134587
2017-11-16,PM10,ug.m-3,30.33735083532216
2017-11-16,PM2.5,ug.m-3,15.498042168674683
2017-11-17,O3,ug.m-3,7.321428571428571
2017-11-17,PM10,ug.m-3,35.150774731823525
2017-11-17,PM2.5,ug.m-3,20.035518292682905
2017-11-18,O3,ug.m-3,16.206666666666667
2017-11-18,PM10,ug.m-3,25.740238095238073
2017-11-18,PM2.5,ug.m-3,13.651054216867479
2017-11-19,O3,ug.m-3,34.388333333333335
2017-11-19,PM10,ug.m-3,18.850714285714268
2017-11-19,PM2.5,ug.m-3,10.488839285714295
2017-11-20,O3,ug.m-3,20.05817610062893
2017-11-20,PM10,ug.m-3,19.26148325358857
2017-11-20,PM2.5,ug.m-3,11.752537313432837
2017-11-21,O3,ug.m-3,29.248563218390803
2017-11-21,PM10,ug.m-3,20.115731707317092
2017-11-21,PM2.5,ug.m-3,9.425446428571446
2017-11-22,O3,ug.m-3,40.95545977011494
2017-11-22,PM10,ug.m-3,23.161785714285706
2017-11-22,PM2.5,ug.m-3,12.666815476190482
2017-11-23,O3,ug.m-3,49.43103448275862
2017-11-23,PM10,ug.m-3,18.063556116015135
2017-11-23,PM2.5,ug.m-3,7.9211920529801345
2017-11-24,O3,ug.m-3,36.98275862068966
2017-11-24,PM10,ug.m-3,19.0835714285714
2017-11-24,PM2.5,ug.m-3,6.848648648648651
2017-11-25,O3,ug.m-3,39.72727272727273
2017-11-25,PM10,ug.m-3,12.221309523809541
2017-11-25,PM2.5,ug.m-3,5.193134328358216
2017-11-26,O3,ug.m-3,46.23994252873563
2017-11-26,PM10,ug.m-3,12.572023809523802
2017-11-26,PM2.5,ug.m-3,5.202976190476191
2017-11-27,O3,ug.m-3,44.19683908045977
2017-11-27,PM10,ug.m-3,12.314319809069227
2017-11-27,PM2.5,ug.m-3,5.489093701996941
2017-11-28,O3,ug.m-3,37.73132183908046
2017-11-28,PM10,ug.m-3,11.22979737783075
2017-11-28,PM2.5,ug.m-3,3.789999999999997
2017-11-29,O3,ug.m-3,19.717171717171716
2017-11-29,PM10,ug.m-3,17.589473684210546
2017-11-29,PM2.5,ug.m-3,7.668518518518515
2017-11-30,O3,ug.m-3,34.46046511627907
2017-11-30,PM10,ug.m-3,12.726302083333316
2017-11-30,PM2.5,ug.m-3,5.353124999999998
2017-12-01,O3,ug.m-3,35.310344827586206
2017-12-01,PM10,ug.m-3,19.089012345679006
2017-12-01,PM2.5,ug.m-3,11.213934426229494
2017-12-02,O3,ug.m-3,15.068965517241379
2017-12-02,PM10,ug.m-3,35.74738095238096
2017-12-02,PM2.5,ug.m-3,28.245496894409985
2017-12-03,O3,ug.m-3,10.97844827586207
2017-12-03,PM10,ug.m-3,27.11857142857145
2017-12-03,PM2.5,ug.m-3,21.875477707006382
2017-12-04,O3,ug.m-3,10.025862068965518
2017-12-04,PM10,ug.m-3,30.0296992481203
2017-12-04,PM2.5,ug.m-3,18.838971807628525
2017-12-05,O3,ug.m-3,4.077586206896552
2017-12-05,PM10,ug.m-3,31.531551499348073
2017-12-05,PM2.5,ug.m-3,17.0167832167832
2017-12-06,O3,ug.m-3,15.024425287356323
2017-12-06,PM10,ug.m-3,31.51417910447761
2017-12-06,PM2.5,ug.m-3,16.551020408163282
2017-12-07,O3,ug.m-3,40.116379310344826
2017-12-07,PM10,ug.m-3,17.12908224076283
2017-12-07,PM2.5,ug.m-3,9.042129629629635
2017-12-08,O3,ug.m-3,43.410919540229884
2017-12-08,PM10,ug.m-3,13.483809523809567
2017-12-08,PM2.5,ug.m-3,4.665123456790135
2017-12-09,O3,ug.m-3,41.99568965517241
2017-12-09,PM10,ug.m-3,11.99690476190477
2017-12-09,PM2.5,ug.m-3,6.241512345679021
2017-12-10,O3,ug.m-3,55.599137931034484
2017-12-10,PM10,ug.m-3,12.284505363528025
2017-12-10,PM2.5,ug.m-3,5.948519736842106
2017-12-11,O3,ug.m-3,52.69753979739508
2017-12-11,PM10,ug.m-3,7.015191387559815
2017-12-11,PM2.5,ug.m-3,4.47098121085595
2017-12-12,O3,ug.m-3,27.89080459770115
2017-12-12,PM10,ug.m-3,16.342312276519703
2017-12-12,PM2.5,ug.m-3,7.890333333333336
2017-12-13,O3,ug.m-3,47.956896551724135
2017-12-13,PM10,ug.m-3,10.119593787335718
2017-12-13,PM2.5,ug.m-3,5.066068759342298
2017-12-14,O3,ug.m-3,62.52873563218391
2017-12-14,PM10,ug.m-3,12.493794749403342
2017-12-14,PM2.5,ug.m-3,5.069003115264802
2017-12-15,O3,ug.m-3,50.47844827586207
2017-12-15,PM10,ug.m-3,8.997976190476196
2017-12-15,PM2.5,ug.m-3,4.6668154761904805
2017-12-16,O3,ug.m-3,35.383620689655174
2017-12-16,PM10,ug.m-3,18.02880952380954
2017-12-16,PM2.5,ug.m-3,6.283333333333331
2017-12-17,O3,ug.m-3,22.72543352601156
2017-12-17,PM10,ug.m-3,15.879761904761935
2017-12-17,PM2.5,ug.m-3,9.602529761904757
2017-12-18,O3,ug.m-3,37.34632034632035
2017-12-18,PM10,ug.m-3,22.776372315035808
2017-12-18,PM2.5,ug.m-3,8.118898809523806
2017-12-19,O3,ug.m-3,12.788793103448276
2017-12-19,PM10,ug.m-3,29.021256038647287
2017-12-19,PM2.5,ug.m-3,10.444661654135345
2017-12-20,O3,ug.m-3,10.048850574712644
2017-12-20,PM10,ug.m-3,24.45950310559003
2017-12-20,PM2.5,ug.m-3,13.802435312024372
2017-12-21,O3,ug.m-3,17.810344827586206
2017-12-21,PM10,ug.m-3,12.407572115384614
2017-12-21,PM2.5,ug.m-3,6.732388059701509
2017-12-22,O3,ug.m-3,25.604046242774565
2017-12-22,PM10,ug.m-3,14.289623865110258
2017-12-22,PM2.5,ug.m-3,6.554394693200676
2017-12-23,O3,ug.m-3,29.114942528735632
2017-12-23,PM10,ug.m-3,12.558928571428574
2017-12-23,PM2.5,ug.m-3,6.178208955223887
2017-12-24,O3,ug.m-3,42.55172413793103
2017-12-24,PM10,ug.m-3,8.571871275327757
2017-12-24,PM2.5,ug.m-3,4.998511904761901
2017-12-25,O3,ug.m-3,46.043103448275865
2017-12-25,PM10,ug.m-3,5.678571428571436
2017-12-25,PM2.5,ug.m-3,3.8801788375558868
2017-12-26,O3,ug.m-3,53.3117816091954
2017-12-26,PM10,ug.m-3,11.322772277227724
2017-12-26,PM2.5,ug.m-3,4.1975939849624
2017-12-27,O3,ug.m-3,57.52873563218391
2017-12-27,PM10,ug.m-3,7.057023809523818
2017-12-27,PM2.5,ug.m-3,3.1323210412147526
2017-12-28,O3,ug.m-3,31.223342939481267
2017-12-28,PM10,ug.m-3,16.138231780167224
2017-12-28,PM2.5,ug.m-3,7.166367713004482
2017-12-29,O3,ug.m-3,44.67291066282421
2017-12-29,PM10,ug.m-3,17.62798552472859
2017-12-29,PM2.5,ug.m-3,10.853184165232378
2017-12-30,O3,ug.m-3,57.451149425287355
2017-12-30,PM10,ug.m-3,10.500119047619041
2017-12-30,PM2.5,ug.m-3,4.937797619047633
2017-12-31,O3,ug.m-3,68.15517241379311
2017-12-31,PM10,ug.m-3,10.764642857142876
2017-12-31,PM2.5,ug.m-3,5.370982142857133
2018-01-01,O3,ug.m-3,71.61063218390805
2018-01-01,PM10,ug.m-3,12.084606205250607
2018-01-01,PM2.5,ug.m-3,5.385343511450381
2018-01-02,O3,ug.m-3,50.19971264367816
2018-01-02,PM10,ug.m-3,15.83833333333336
2018-01-02,PM2.5,ug.m-3,5.475297619047627
2018-01-03,O3,ug.m-3,70.33382137628111
2018-01-03,PM10,ug.m-3,14.446821515892436
2018-01-03,PM2.5,ug.m-3,8.985401459854018
2018-01-04,O3,ug.m-3,56.86494252873563
2018-01-04,PM10,ug.m-3,7.632678132678137
2018-01-04,PM2.5,ug.m-3,3.9993939393939426
2018-01-05,O3,ug.m-3,55.04761904761905
2018-01-05,PM10,ug.m-3,13.10000000000001
2018-01-05,PM2.5,ug.m-3,5.714630467571655
2018-01-06,O3,ug.m-3,35.01900584795322
2018-01-06,PM10,ug.m-3,19.893928571428596
2018-01-06,PM2.5,ug.m-3,8.008749999999994
2018-01-07,O3,ug.m-3,29.895114942528735
2018-01-07,PM10,ug.m-3,13.792500000000015
2018-01-07,PM2.5,ug.m-3,11.375425038639873
2018-01-08,O3,ug.m-3,16.17816091954023
2018-01-08,PM10,ug.m-3,18.21732377538831
2018-01-08,PM2.5,ug.m-3,13.18608562691132
2018-01-09,O3,ug.m-3,11.031654676258993
2018-01-09,PM10,ug.m-3,25.76809523809528
2018-01-09,PM2.5,ug.m-3,15.847455089820354
2018-01-10,O3,ug.m-3,31.32034632034632
2018-01-10,PM10,ug.m-3,14.230314009661829
2018-01-10,PM2.5,ug.m-3,7.557014925373138
2018-01-11,O3,ug.m-3,24.100574712643677
2018-01-11,PM10,ug.m-3,21.602976190476213
2018-01-11,PM2.5,ug.m-3,11.061160714285705
2018-01-12,O3,ug.m-3,15.691091954022989
2018-01-12,PM10,ug.m-3,39.256785714285655
2018-01-12,PM2.5,ug.m-3,21.946130952380948
2018-01-13,O3,ug.m-3,13.204022988505747
2018-01-13,PM10,ug.m-3,24.902380952380906
2018-01-13,PM2.5,ug.m-3,17.95305514157975
2018-01-14,O3,ug.m-3,15.652298850574713
2018-01-14,PM10,ug.m-3,29.857023809523742
2018-01-14,PM2.5,ug.m-3,21.274029850746235
2018-01-15,O3,ug.m-3,48.15229885057471
2018-01-15,PM10,ug.m-3,12.535280095351608
2018-01-15,PM2.5,ug.m-3,6.625633383010431
2018-01-16,O3,ug.m-3,69.04329004329004
2018-01-16,PM10,ug.m-3,9.32047619047619
2018-01-16,PM2.5,ug.m-3,3.8624620060790282
2018-01-17,O3,ug.m-3,66.89942528735632
2018-01-17,PM10,ug.m-3,14.33880952380954
2018-01-17,PM2.5,ug.m-3,5.457453416149075
2018-01-18,O3,ug.m-3,64.47126436781609
2018-01-18,PM10,ug.m-3,11.36722689075629
2018-01-18,PM2.5,ug.m-3,4.973575129533673
2018-01-19,O3,ug.m-3,52.1882183908046
2018-01-19,PM10,ug.m-3,10.652142857142861
2018-01-19,PM2.5,ug.m-3,4.241437308868501
2018-01-20,O3,ug.m-3,58.46120689655172
2018-01-20,PM10,ug.m-3,7.586904761904771
2018-01-20,PM2.5,ug.m-3,3.7226114649681508
2018-01-21,O3,ug.m-3,44.202586206896555
2018-01-21,PM10,ug.m-3,8.362023809523812
2018-01-21,PM2.5,ug.m-3,5.968749999999998
2018-01-22,O3,ug.m-3,51.471014492753625
2018-01-22,PM10,ug.m-3,8.82157330154946
2018-01-22,PM2.5,ug.m-3,3.921109399075499
2018-01-23,O3,ug.m-3,46.80161290322581
2018-01-23,PM10,ug.m-3,13.694636471990464
2018-01-23,PM2.5,ug.m-3,4.949999999999995
2018-01-24,O3,ug.m-3,50.31635802469136
2018-01-24,PM10,ug.m-3,8.973157162726022
2018-01-24,PM2.5,ug.m-3,3.013611615245013
2018-01-25,O3,ug.m-3,55.58620689655172
2018-01-25,PM10,ug.m-3,7.969761904761898
2018-01-25,PM2.5,ug.m-3,3.8431547619047643
2018-01-26,O3,ug.m-3,33.42528735632184
2018-01-26,PM10,ug.m-3,25.48405275779373
2018-01-26,PM2.5,ug.m-3,7.797239263803682
2018-01-27,O3,ug.m-3,29.599137931034484
2018-01-27,PM10,ug.m-3,21.638936959208888
2018-01-27,PM2.5,ug.m-3,12.366417910447774
2018-01-28,O3,ug.m-3,36.05890804597701
2018-01-28,PM10,ug.m-3,11.657619047619058
2018-01-28,PM2.5,ug.m-3,8.787481146304676
2018-01-29,O3,ug.m-3,42.35302593659942
2018-01-29,PM10,ug.m-3,10.878809523809513
2018-01-29,PM2.5,ug.m-3,3.8347761194029855
2018-01-30,O3,ug.m-3,35.8448275862069
2018-01-30,PM10,ug.m-3,11.250538922155696
2018-01-30,PM2.5,ug.m-3,5.379331306990883
2018-01-31,O3,ug.m-3,59.48275862068966
2018-01-31,PM10,ug.m-3,6.948225214198284
2018-01-31,PM2.5,ug.m-3,3.4567610062893066
2018-02-01,O3,ug.m-3,50.223837209302324
2018-02-01,PM10,ug.m-3,15.823021582733812
2018-02-01,PM2.5,ug.m-3,4.837462235649545
2018-02-02,O3,ug.m-3,34.77155172413793
2018-02-02,PM10,ug.m-3,17.730476190476114
2018-02-02,PM2.5,ug.m-3,6.344161676646714
2018-02-03,O3,ug.m-3,23.427953890489913
2018-02-03,PM10,ug.m-3,16.64880952380955
2018-02-03,PM2.5,ug.m-3,9.739732142857141
2018-02-04,O3,ug.m-3,41.51149425287356
2018-02-04,PM10,ug.m-3,12.414200477326972
2018-02-04,PM2.5,ug.m-3,8.715454545454536
2018-02-05,O3,ug.m-3,22.021551724137932
2018-02-05,PM10,ug.m-3,21.143333333333334
2018-02-05,PM2.5,ug.m-3,17.061085972850684
2018-02-06,O3,ug.m-3,15.810144927536232
2018-02-06,PM10,ug.m-3,21.73190476190478
2018-02-06,PM2.5,ug.m-3,20.227424242424245
2018-02-07,O3,ug.m-3,28.958333333333332
2018-02-07,PM10,ug.m-3,34.33793650793655
2018-02-07,PM2.5,ug.m-3,32.043750000000024
2018-02-08,O3,ug.m-3,21.961206896551722
2018-02-08,PM10,ug.m-3,43.68866666666664
2018-02-08,PM2.5,ug.m-3,39.73125000000009
2018-02-09,O3,ug.m-3,37.356521739130436
2018-02-09,PM10,ug.m-3,29.488087248322156
2018-02-09,PM2.5,ug.m-3,28.16407185628738
2018-02-10,O3,ug.m-3,45.69827586206897
2018-02-10,PM10,ug.m-3,14.504500000000007
2018-02-10,PM2.5,ug.m-3,9.513541666666658
2018-02-11,O3,ug.m-3,63.77485380116959
2018-02-11,PM10,ug.m-3,9.37195325542571
2018-02-11,PM2.5,ug.m-3,5.239434523809528
2018-02-12,O3,ug.m-3,45.3419540229885
2018-02-12,PM10,ug.m-3,12.838724727838274
2018-02-12,PM2.5,ug.m-3,6.4455813953488335
2018-02-13,O3,ug.m-3,49.4919941775837
2018-02-13,PM10,ug.m-3,16.832186732186774
2018-02-13,PM2.5,ug.m-3,8.227184466019418
2018-02-14,O3,ug.m-3,40.39224137931034
2018-02-14,PM10,ug.m-3,13.506765067650676
2018-02-14,PM2.5,ug.m-3,8.804897314375992
2018-02-15,O3,ug.m-3,37.22865412445731
2018-02-15,PM10,ug.m-3,12.726634382566608
2018-02-15,PM2.5,ug.m-3,5.462287480680071
2018-02-16,O3,ug.m-3,29.724890829694324
2018-02-16,PM10,ug.m-3,27.538489208633127
2018-02-16,PM2.5,ug.m-3,8.136570561456766
2018-02-17,O3,ug.m-3,30.99712643678161
2018-02-17,PM10,ug.m-3,26.59559523809521
2018-02-17,PM2.5,ug.m-3,12.294969512195138
2018-02-18,O3,ug.m-3,26.429597701149426
2018-02-18,PM10,ug.m-3,24.48238095238095
2018-02-18,PM2.5,ug.m-3,17.979677419354807
2018-02-19,O3,ug.m-3,16.82758620689655
2018-02-19,PM10,ug.m-3,21.599523241954717
2018-02-19,PM2.5,ug.m-3,15.422909698996671
2018-02-20,O3,ug.m-3,32.94971264367816
2018-02-20,PM10,ug.m-3,23.977500000000028
2018-02-20,PM2.5,ug.m-3,12.653273809523796
2018-02-21,O3,ug.m-3,30.38362068965517
2018-02-21,PM10,ug.m-3,61.080422039859165
2018-02-21,PM2.5,ug.m-3,47.174107142857146
2018-02-22,O3,ug.m-3,41.47126436781609
2018-02-22,PM10,ug.m-3,45.65902777777779
2018-02-22,PM2.5,ug.m-3,38.94911147011309
2018-02-23,O3,ug.m-3,49.27729885057471
2018-02-23,PM10,ug.m-3,27.674391657010432
2018-02-23,PM2.5,ug.m-3,18.1980654761905
2018-02-24,O3,ug.m-3,52.56150506512301
2018-02-24,PM10,ug.m-3,31.155726092089733
2018-02-24,PM2.5,ug.m-3,23.24946236559139
2018-02-25,O3,ug.m-3,59.55747126436781
2018-02-25,PM10,ug.m-3,19.12476851851853
2018-02-25,PM2.5,ug.m-3,13.1293381037567
2018-02-26,O3,ug.m-3,55.53458213256484
2018-02-26,PM10,ug.m-3,20.154479418886183
2018-02-26,PM2.5,ug.m-3,12.915171288743895
2018-02-27,O3,ug.m-3,45.94971264367816
2018-02-27,PM10,ug.m-3,30.034918793503532
2018-02-27,PM2.5,ug.m-3,19.72149253731342
2018-02-28,O3,ug.m-3,49.33910533910534
2018-02-28,PM10,ug.m-3,38.3545667447307
2018-02-28,PM2.5,ug.m-3,26.527675840978624
2018-03-01,O3,ug.m-3,48.445402298850574
2018-03-01,PM10,ug.m-3,36.511819235225964
2018-03-01,PM2.5,ug.m-3,27.829874213836487
2018-03-02,O3,ug.m-3,37.59593023255814
2018-03-02,PM10,ug.m-3,28.307656612528994
2018-03-02,PM2.5,ug.m-3,18.68667763157894
2018-03-03,O3,ug.m-3,43.93103448275862
2018-03-03,PM10,ug.m-3,19.246296296296286
2018-03-03,PM2.5,ug.m-3,10.001391304347816
2018-03-04,O3,ug.m-3,42.889367816091955
2018-03-04,PM10,ug.m-3,10.38652226233454
2018-03-04,PM2.5,ug.m-3,6.720892857142864
2018-03-05,O3,ug.m-3,45.532561505065125
2018-03-05,PM10,ug.m-3,17.080565371024782
2018-03-05,PM2.5,ug.m-3,6.943859649122811
2018-03-06,O3,ug.m-3,57.38793103448276
2018-03-06,PM10,ug.m-3,16.44131227217497
2018-03-06,PM2.5,ug.m-3,6.182035928143709
2018-03-07,O3,ug.m-3,58.65643274853801
2018-03-07,PM10,ug.m-3,8.560199004975136
2018-03-07,PM2.5,ug.m-3,5.5838607594936684
2018-03-08,O3,ug.m-3,56.14454277286136
2018-03-08,PM10,ug.m-3,13.020736196319042
2018-03-08,PM2.5,ug.m-3,5.368965517241376
2018-03-09,O3,ug.m-3,31.935344827586206
2018-03-09,PM10,ug.m-3,18.248280254777107
2018-03-09,PM2.5,ug.m-3,10.721745788667667
2018-03-10,O3,ug.m-3,49.3448275862069
2018-03-10,PM10,ug.m-3,11.42120098039216
2018-03-10,PM2.5,ug.m-3,6.851355421686753
2018-03-11,O3,ug.m-3,64.75431034482759
2018-03-11,PM10,ug.m-3,8.537867647058846
2018-03-11,PM2.5,ug.m-3,4.168623853211008
2018-03-12,O3,ug.m-3,71.42547033285094
2018-03-12,PM10,ug.m-3,10.99678188319429
2018-03-12,PM2.5,ug.m-3,4.291616766467069
2018-03-13,O3,ug.m-3,56.65701219512195
2018-03-13,PM10,ug.m-3,15.435472578763093
2018-03-13,PM2.5,ug.m-3,6.12769461077844
2018-03-14,O3,ug.m-3,51.2402496099844
2018-03-14,PM10,ug.m-3,16.71531966224364
2018-03-14,PM2.5,ug.m-3,8.655833333333335
2018-03-15,O3,ug.m-3,68.0330459770115
2018-03-15,PM10,ug.m-3,13.049362244897962
2018-03-15,PM2.5,ug.m-3,5.202564102564096
2018-03-16,O3,ug.m-3,59.00723589001447
2018-03-16,PM10,ug.m-3,26.96989117291417
2018-03-16,PM2.5,ug.m-3,7.68794567062819
2018-03-17,O3,ug.m-3,18.061870503597124
2018-03-17,PM10,ug.m-3,18.15381944444443
2018-03-17,PM2.5,ug.m-3,13.71405295315683
2018-03-18,O3,ug.m-3,45.06140350877193
2018-03-18,PM10,ug.m-3,24.585382830626415
2018-03-18,PM2.5,ug.m-3,21.77034120734908
2018-03-19,O3,ug.m-3,48.48051948051948
2018-03-19,PM10,ug.m-3,36.098345153664305
2018-03-19,PM2.5,ug.m-3,29.260097323601
2018-03-20,O3,ug.m-3,62.73410404624278
2018-03-20,PM10,ug.m-3,31.104641909814244
2018-03-20,PM2.5,ug.m-3,17.5139344262295
2018-03-21,O3,ug.m-3,58.56896551724138
2018-03-21,PM10,ug.m-3,30.101624129930364
2018-03-21,PM2.5,ug.m-3,11.396536144578326
2018-03-22,O3,ug.m-3,50.764619883040936
2018-03-22,PM10,ug.m-3,31.80439814814816
2018-03-22,PM2.5,ug.m-3,11.844588045234248
2018-03-23,O3,ug.m-3,65.63165467625899
2018-03-23,PM10,ug.m-3,24.361832946635637
2018-03-23,PM2.5,ug.m-3,9.81543116490167
2018-03-24,O3,ug.m-3,54.4080459770115
2018-03-24,PM10,ug.m-3,22.506481481481494
2018-03-24,PM2.5,ug.m-3,14.249847094801217
2018-03-25,O3,ug.m-3,44.3568345323741
2018-03-25,PM10,ug.m-3,35.17520278099652
2018-03-25,PM2.5,ug.m-3,28.46832298136649
2018-03-26,O3,ug.m-3,56.10434782608696
2018-03-26,PM10,ug.m-3,36.0263953488372
2018-03-26,PM2.5,ug.m-3,19.86255707762557
2018-03-27,O3,ug.m-3,56.14798850574713
2018-03-27,PM10,ug.m-3,14.68207217694996
2018-03-27,PM2.5,ug.m-3,8.20390977443609
2018-03-28,O3,ug.m-3,63.751835535976504
2018-03-28,PM10,ug.m-3,8.849476135040748
2018-03-28,PM2.5,ug.m-3,3.534579439252335
2018-03-29,O3,ug.m-3,63.59051724137931
2018-03-29,PM10,ug.m-3,14.739186046511653
2018-03-29,PM2.5,ug.m-3,4.68716323296355
2018-03-30,O3,ug.m-3,57.945402298850574
2018-03-30,PM10,ug.m-3,10.26620370370372
2018-03-30,PM2.5,ug.m-3,4.310365853658535
2018-03-31,O3,ug.m-3,66.71551724137932
2018-03-31,PM10,ug.m-3,12.65650644783118
2018-03-31,PM2.5,ug.m-3,5.508548387096774
2018-04-01,O3,ug.m-3,68.23309352517985
2018-04-01,PM10,ug.m-3,14.804634994206213
2018-04-01,PM2.5,ug.m-3,8.007906976744184
2018-04-02,O3,ug.m-3,60.47687861271676
2018-04-02,PM10,ug.m-3,13.028009259259264
2018-04-02,PM2.5,ug.m-3,7.445238095238099
2018-04-03,O3,ug.m-3,64.32803468208093
2018-04-03,PM10,ug.m-3,15.902486910994785
2018-04-03,PM2.5,ug.m-3,6.100470957613818
2018-04-04,O3,ug.m-3,70.89329268292683
2018-04-04,PM10,ug.m-3,10.05995232419549
2018-04-04,PM2.5,ug.m-3,3.7382911392405105
2018-04-05,O3,ug.m-3,68.875
2018-04-05,PM10,ug.m-3,15.154239256678288
2018-04-05,PM2.5,ug.m-3,4.534498480243159
2018-04-06,O3,ug.m-3,56.42097701149425
2018-04-06,PM10,ug.m-3,16.06712962962964
2018-04-06,PM2.5,ug.m-3,7.508283132530124
2018-04-07,O3,ug.m-3,61.214080459770116
2018-04-07,PM10,ug.m-3,22.02916666666669
2018-04-07,PM2.5,ug.m-3,7.905208333333331
2018-04-08,O3,ug.m-3,63.87931034482759
2018-04-08,PM10,ug.m-3,19.51134259259259
2018-04-08,PM2.5,ug.m-3,9.784337349397587
2018-04-09,O3,ug.m-3,39.38649425287356
2018-04-09,PM10,ug.m-3,22.636658932714653
2018-04-09,PM2.5,ug.m-3,12.087946428571437
2018-04-10,O3,ug.m-3,65.47988505747126
2018-04-10,PM10,ug.m-3,12.485116279069763
2018-04-10,PM2.5,ug.m-3,6.839189189189198
2018-04-11,O3,ug.m-3,65.31403762662808
2018-04-11,PM10,ug.m-3,18.00640870616684
2018-04-11,PM2.5,ug.m-3,5.8252696456086275
2018-04-12,O3,ug.m-3,43.014367816091955
2018-04-12,PM10,ug.m-3,25.999530516431953
2018-04-12,PM2.5,ug.m-3,15.248795180722881
2018-04-13,O3,ug.m-3,46.62555066079295
2018-04-13,PM10,ug.m-3,18.602278177458064
2018-04-13,PM2.5,ug.m-3,9.63025078369906
2018-04-14,O3,ug.m-3,35.464285714285715
2018-04-14,PM10,ug.m-3,14.501388888888906
2018-04-14,PM2.5,ug.m-3,7.814608433734945
2018-04-15,O3,ug.m-3,57.25
2018-04-15,PM10,ug.m-3,12.49104651162788
2018-04-15,PM2.5,ug.m-3,6.869196428571432
2018-04-16,O3,ug.m-3,58.41642228739003
2018-04-16,PM10,ug.m-3,24.57529002320188
2018-04-16,PM2.5,ug.m-3,7.415606060606059
2018-04-17,O3,ug.m-3,57.75147058823529
2018-04-17,PM10,ug.m-3,25.559164733178616
2018-04-17,PM2.5,ug.m-3,9.414970059880233
2018-04-18,O3,ug.m-3,64.24633431085044
2018-04-18,PM10,ug.m-3,25.996511627907037
2018-04-18,PM2.5,ug.m-3,9.741564417177917
2018-04-19,O3,ug.m-3,65.13074712643679
2018-04-19,PM10,ug.m-3,31.837499999999963
2018-04-19,PM2.5,ug.m-3,11.871583850931698
2018-04-20,O3,ug.m-3,67.72150072150072
2018-04-20,PM10,ug.m-3,33.00734265734263
2018-04-20,PM2.5,ug.m-3,12.302040816326537
2018-04-21,O3,ug.m-3,78.89798850574712
2018-04-21,PM10,ug.m-3,27.995023148148103
2018-04-21,PM2.5,ug.m-3,13.304761904761904
2018-04-22,O3,ug.m-3,73.95977011494253
2018-04-22,PM10,ug.m-3,32.61331018518507
2018-04-22,PM2.5,ug.m-3,15.068404907975468
2018-04-23,O3,ug.m-3,69.84802431610942
2018-04-23,PM10,ug.m-3,30.95697478991601
2018-04-23,PM2.5,ug.m-3,10.847160493827154
2018-04-24,O3,ug.m-3,65.70114942528735
2018-04-24,PM10,ug.m-3,33.08855140186916
2018-04-24,PM2.5,ug.m-3,9.293670886075944
2018-04-25,O3,ug.m-3,65.33866279069767
2018-04-25,PM10,ug.m-3,21.72890909090907
2018-04-25,PM2.5,ug.m-3,7.269668246445496
2018-04-26,O3,ug.m-3,68.23419540229885
2018-04-26,PM10,ug.m-3,18.691920374707266
2018-04-26,PM2.5,ug.m-3,5.460821484992099
2018-04-27,O3,ug.m-3,65.15086206896552
2018-04-27,PM10,ug.m-3,24.265480427046246
2018-04-27,PM2.5,ug.m-3,6.954472843450484
2018-04-28,O3,ug.m-3,75.98850574712644
2018-04-28,PM10,ug.m-3,15.500231481481489
2018-04-28,PM2.5,ug.m-3,5.372767857142858
2018-04-29,O3,ug.m-3,45.622126436781606
2018-04-29,PM10,ug.m-3,11.138167053364274
2018-04-29,PM2.5,ug.m-3,7.018402777777775
2018-04-30,O3,ug.m-3,60.26445086705202
2018-04-30,PM10,ug.m-3,6.597163120567383
2018-04-30,PM2.5,ug.m-3,4.112741935483871
2018-05-01,O3,ug.m-3,56.60775862068966
2018-05-01,PM10,ug.m-3,13.3683661645423
2018-05-01,PM2.5,ug.m-3,6.926000000000006
2018-05-02,O3,ug.m-3,62.13793103448276
2018-05-02,PM10,ug.m-3,18.46287703016242
2018-05-02,PM2.5,ug.m-3,7.336607142857136
2018-05-03,O3,ug.m-3,71.15988372093024
2018-05-03,PM10,ug.m-3,18.995215869311533
2018-05-03,PM2.5,ug.m-3,7.209741248097407
2018-05-04,O3,ug.m-3,74.6853448275862
2018-05-04,PM10,ug.m-3,27.694212962962947
2018-05-04,PM2.5,ug.m-3,12.309077380952385
2018-05-05,O3,ug.m-3,84.66091954022988
2018-05-05,PM10,ug.m-3,32.006249999999966
2018-05-05,PM2.5,ug.m-3,18.96800595238096
2018-05-06,O3,ug.m-3,86.5108225108225
2018-05-06,PM10,ug.m-3,28.66087962962956
2018-05-06,PM2.5,ug.m-3,15.565361445783116
2018-05-07,O3,ug.m-3,78.66715542521995
2018-05-07,PM10,ug.m-3,23.02439024390242
2018-05-07,PM2.5,ug.m-3,10.616591928251099
2018-05-08,O3,ug.m-3,91.3146551724138
2018-05-08,PM10,ug.m-3,23.492906976744187
2018-05-08,PM2.5,ug.m-3,12.548784194528865
2018-05-09,O3,ug.m-3,73.6580459770115
2018-05-09,PM10,ug.m-3,25.8246813441483
2018-05-09,PM2.5,ug.m-3,10.895993836671808
2018-05-10,O3,ug.m-3,74.95977011494253
2018-05-10,PM10,ug.m-3,17.002702702702692
2018-05-10,PM2.5,ug.m-3,7.804037267080749
2018-05-11,O3,ug.m-3,66.02155172413794
2018-05-11,PM10,ug.m-3,18.250119047619055
2018-05-11,PM2.5,ug.m-3,7.120481927710853
2018-05-12,O3,ug.m-3,59.10344827586207
2018-05-12,PM10,ug.m-3,17.456829268292683
2018-05-12,PM2.5,ug.m-3,8.317261904761905
2018-05-13,O3,ug.m-3,62.758620689655174
2018-05-13,PM10,ug.m-3,9.891408114558462
2018-05-13,PM2.5,ug.m-3,5.0850968703427695
2018-05-14,O3,ug.m-3,69.41666666666667
2018-05-14,PM10,ug.m-3,19.911538461538477
2018-05-14,PM2.5,ug.m-3,10.867056856187311
2018-05-15,O3,ug.m-3,80.51436781609195
2018-05-15,PM10,ug.m-3,39.238425381903596
2018-05-15,PM2.5,ug.m-3,23.860124610591924
2018-05-16,O3,ug.m-3,79.27953890489914
2018-05-16,PM10,ug.m-3,40.32569444444454
2018-05-16,PM2.5,ug.m-3,21.58625377643507
2018-05-17,O3,ug.m-3,73.36637931034483
2018-05-17,PM10,ug.m-3,33.73492990654201
2018-05-17,PM2.5,ug.m-3,13.8610778443114
2018-05-18,O3,ug.m-3,65.6705035971223
2018-05-18,PM10,ug.m-3,29.85483119906869
2018-05-18,PM2.5,ug.m-3,11.145933734939767
2018-05-19,O3,ug.m-3,71.54885057471265
2018-05-19,PM10,ug.m-3,28.46087962962961
2018-05-19,PM2.5,ug.m-3,14.361295180722905
2018-05-20,O3,ug.m-3,76.11063218390805
2018-05-20,PM10,ug.m-3,27.688773148148112
2018-05-20,PM2.5,ug.m-3,18.255120481927708
2018-05-21,O3,ug.m-3,78.7830459770115
2018-05-21,PM10,ug.m-3,15.524418604651167
2018-05-21,PM2.5,ug.m-3,10.841774491682076
2018-05-22,O3,ug.m-3,69.3245227606461
2018-05-22,PM10,ug.m-3,24.6660486674392
2018-05-22,PM2.5,ug.m-3,13.778333333333329
2018-05-23,O3,ug.m-3,64.32040229885058
2018-05-23,PM10,ug.m-3,39.11463414634145
2018-05-23,PM2.5,ug.m-3,25.134138972809627
2018-05-24,O3,ug.m-3,68.3146551724138
2018-05-24,PM10,ug.m-3,29.34551804423744
2018-05-24,PM2.5,ug.m-3,19.427341389728102
2018-05-25,O3,ug.m-3,73.16402877697841
2018-05-25,PM10,ug.m-3,21.685630153121302
2018-05-25,PM2.5,ug.m-3,11.289561270801808
2018-05-26,O3,ug.m-3,76.53448275862068
2018-05-26,PM10,ug.m-3,17.750580046403723
2018-05-26,PM2.5,ug.m-3,9.070658682634738
2018-05-27,O3,ug.m-3,75.37068965517241
2018-05-27,PM10,ug.m-3,16.289651162790648
2018-05-27,PM2.5,ug.m-3,7.676018808777434
2018-05-28,O3,ug.m-3,58.562865497076025
2018-05-28,PM10,ug.m-3,17.925492468134443
2018-05-28,PM2.5,ug.m-3,7.919578313253012
2018-05-29,O3,ug.m-3,47.133620689655174
2018-05-29,PM10,ug.m-3,16.54906542056073
2018-05-29,PM2.5,ug.m-3,7.7483720930232485
2018-05-30,O3,ug.m-3,57.029806259314455
2018-05-30,PM10,ug.m-3,17.681206496519692
2018-05-30,PM2.5,ug.m-3,6.8725880551301675
2018-05-31,O3,ug.m-3,55.389367816091955
2018-05-31,PM10,ug.m-3,17.622732626619527
2018-05-31,PM2.5,ug.m-3,6.276755070202819
2018-06-01,O3,ug.m-3,50.77298850574713
2018-06-01,PM10,ug.m-3,15.908372093023235
2018-06-01,PM2.5,ug.m-3,6.175925925925929
2018-06-02,O3,ug.m-3,55.581896551724135
2018-06-02,PM10,ug.m-3,16.213223140495863
2018-06-02,PM2.5,ug.m-3,7.778322784810129
2018-06-03,O3,ug.m-3,63.1551724137931
2018-06-03,PM10,ug.m-3,14.816209773539928
2018-06-03,PM2.5,ug.m-3,7.480031695721071
2018-06-04,O3,ug.m-3,65.6705035971223
2018-06-04,PM10,ug.m-3,20.503125000000022
2018-06-04,PM2.5,ug.m-3,10.443674698795167
2018-06-05,O3,ug.m-3,52.875
2018-06-05,PM10,ug.m-3,38.295480880648874
2018-06-05,PM2.5,ug.m-3,28.102103559870564
2018-06-06,O3,ug.m-3,39.72941176470588
2018-06-06,PM10,ug.m-3,26.232674418604628
2018-06-06,PM2.5,ug.m-3,18.46967741935481
2018-06-07,O3,ug.m-3,52.867243867243864
2018-06-07,PM10,ug.m-3,17.31725826193394
2018-06-07,PM2.5,ug.m-3,7.000000000000003
2018-06-08,O3,ug.m-3,55.547413793103445
2018-06-08,PM10,ug.m-3,21.890940766550514
2018-06-08,PM2.5,ug.m-3,10.522658610271892
2018-06-09,O3,ug.m-3,64.61191860465117
2018-06-09,PM10,ug.m-3,38.41083627797409
2018-06-09,PM2.5,ug.m-3,25.297404580152694
2018-06-10,O3,ug.m-3,61.54613095238095
2018-06-10,PM10,ug.m-3,34.16469907407407
2018-06-10,PM2.5,ug.m-3,24.240923566879008
2018-06-11,O3,ug.m-3,42.76058394160584
2018-06-11,PM10,ug.m-3,23.813901869158897
2018-06-11,PM2.5,ug.m-3,15.939506172839488
2018-06-12,O3,ug.m-3,54.98268398268398
2018-06-12,PM10,ug.m-3,16.70745562130178
2018-06-12,PM2.5,ug.m-3,9.4348171701113
2018-06-13,O3,ug.m-3,50.36546762589928
2018-06-13,PM10,ug.m-3,18.321990740740745
2018-06-13,PM2.5,ug.m-3,6.5119760479041915
2018-06-14,O3,ug.m-3,42.53757225433526
2018-06-14,PM10,ug.m-3,17.720857473928127
2018-06-14,PM2.5,ug.m-3,7.895658682634723
2018-06-15,O3,ug.m-3,54.10632183908046
2018-06-15,PM10,ug.m-3,17.23403755868546
2018-06-15,PM2.5,ug.m-3,7.229754601226983
2018-06-16,O3,ug.m-3,64.44683908045977
2018-06-16,PM10,ug.m-3,17.625641025641027
2018-06-16,PM2.5,ug.m-3,7.792660550458707
2018-06-17,O3,ug.m-3,59.27442528735632
2018-06-17,PM10,ug.m-3,14.44831199068685
2018-06-17,PM2.5,ug.m-3,6.3714062500000015
2018-06-18,O3,ug.m-3,49.45545977011494
2018-06-18,PM10,ug.m-3,11.957844311377258
2018-06-18,PM2.5,ug.m-3,4.516838487972509
2018-06-19,O3,ug.m-3,35.55331412103747
2018-06-19,PM10,ug.m-3,14.10962861072902
2018-06-19,PM2.5,ug.m-3,4.71596638655462
2018-06-20,O3,ug.m-3,48.375
2018-06-20,PM10,ug.m-3,15.909339975093376
2018-06-20,PM2.5,ug.m-3,6.634188034188021
2018-06-21,O3,ug.m-3,53.416666666666664
2018-06-21,PM10,ug.m-3,20.908751458576383
2018-06-21,PM2.5,ug.m-3,8.598381877022645
2018-06-22,O3,ug.m-3,64.13936781609195
2018-06-22,PM10,ug.m-3,16.005452436194897
2018-06-22,PM2.5,ug.m-3,5.972169811320745
2018-06-23,O3,ug.m-3,68.01149425287356
2018-06-23,PM10,ug.m-3,17.24797219003477
2018-06-23,PM2.5,ug.m-3,7.97891472868218
2018-06-24,O3,ug.m-3,81.43867243867244
2018-06-24,PM10,ug.m-3,16.81055684454758
2018-06-24,PM2.5,ug.m-3,8.61624365482234
2018-06-25,O3,ug.m-3,64.03473227206946
2018-06-25,PM10,ug.m-3,16.68949232585599
2018-06-25,PM2.5,ug.m-3,7.733333333333334
2018-06-26,O3,ug.m-3,81.0316091954023
2018-06-26,PM10,ug.m-3,20.433926453143552
2018-06-26,PM2.5,ug.m-3,8.694520547945203
2018-06-27,O3,ug.m-3,89.44782608695652
2018-06-27,PM10,ug.m-3,24.163213038416767
2018-06-27,PM2.5,ug.m-3,11.755022488755626
2018-06-28,O3,ug.m-3,91.16091954022988
2018-06-28,PM10,ug.m-3,24.68270142180096
2018-06-28,PM2.5,ug.m-3,10.94962630792227
2018-06-29,O3,ug.m-3,104.78879310344827
2018-06-29,PM10,ug.m-3,25.77687165775399
2018-06-29,PM2.5,ug.m-3,11.908941877794325
2018-06-30,O3,ug.m-3,107.2431654676259
2018-06-30,PM10,ug.m-3,24.401073985680153
2018-06-30,PM2.5,ug.m-3,12.938622754491018
2018-07-01,O3,ug.m-3,111.13888888888889
2018-07-01,PM10,ug.m-3,23.077901234567925
2018-07-01,PM2.5,ug.m-3,13.700892857142863
2018-07-02,O3,ug.m-3,100.09281437125749
2018-07-02,PM10,ug.m-3,19.531985294117653
2018-07-02,PM2.5,ug.m-3,9.06011904761906
2018-07-03,O3,ug.m-3,81.03211009174312
2018-07-03,PM10,ug.m-3,16.262227912932143
2018-07-03,PM2.5,ug.m-3,6.855342902711316
2018-07-04,O3,ug.m-3,75.13649425287356
2018-07-04,PM10,ug.m-3,19.14047936085216
2018-07-04,PM2.5,ug.m-3,7.885407066052219
2018-07-05,O3,ug.m-3,76.88321167883211
2018-07-05,PM10,ug.m-3,20.183926031294405
2018-07-05,PM2.5,ug.m-3,10.015525114155258
2018-07-06,O3,ug.m-3,91.01217656012176
2018-07-06,PM10,ug.m-3,24.737538940809973
2018-07-06,PM2.5,ug.m-3,11.964732142857136
2018-07-07,O3,ug.m-3,107.72126436781609
2018-07-07,PM10,ug.m-3,24.93429256594725
2018-07-07,PM2.5,ug.m-3,13.480952380952354
2018-07-08,O3,ug.m-3,108.91235632183908
2018-07-08,PM10,ug.m-3,23.73031746031747
2018-07-08,PM2.5,ug.m-3,14.28407738095238
2018-07-09,O3,ug.m-3,72.62068965517241
2018-07-09,PM10,ug.m-3,22.033867735470935
2018-07-09,PM2.5,ug.m-3,8.406994047619028
2018-07-10,O3,ug.m-3,60.40702781844802
2018-07-10,PM10,ug.m-3,20.849206349206348
2018-07-10,PM2.5,ug.m-3,7.6013493253373445
2018-07-11,O3,ug.m-3,68.07482014388489
2018-07-11,PM10,ug.m-3,23.05159386068475
2018-07-11,PM2.5,ug.m-3,9.909253731343282
2018-07-12,O3,ug.m-3,74.77155172413794
2018-07-12,PM10,ug.m-3,28.802864259028638
2018-07-12,PM2.5,ug.m-3,12.340476190476192
2018-07-13,O3,ug.m-3,82.68162083936325
2018-07-13,PM10,ug.m-3,29.64809069212418
2018-07-13,PM2.5,ug.m-3,13.3833082706767
2018-07-14,O3,ug.m-3,97.29885057471265
2018-07-14,PM10,ug.m-3,27.201967592592588
2018-07-14,PM2.5,ug.m-3,15.665178571428577
2018-07-15,O3,ug.m-3,102.69653179190752
2018-07-15,PM10,ug.m-3,24.426137689614983
2018-07-15,PM2.5,ug.m-3,12.570938897168405
2018-07-16,O3,ug.m-3,93.11637931034483
2018-07-16,PM10,ug.m-3,29.62199519230772
2018-07-16,PM2.5,ug.m-3,12.17405159332322
2018-07-17,O3,ug.m-3,64.77729885057471
2018-07-17,PM10,ug.m-3,21.15925373134328
2018-07-17,PM2.5,ug.m-3,7.191573926868035
2018-07-18,O3,ug.m-3,77.40517241379311
2018-07-18,PM10,ug.m-3,24.300566572237972
2018-07-18,PM2.5,ug.m-3,6.092006802721092
2018-07-19,O3,ug.m-3,94.52873563218391
2018-07-19,PM10,ug.m-3,27.438235294117607
2018-07-19,PM2.5,ug.m-3,8.451863857374388
2018-07-20,O3,ug.m-3,76.39682539682539
2018-07-20,PM10,ug.m-3,17.46057692307692
2018-07-20,PM2.5,ug.m-3,8.26057401812688
2018-07-21,O3,ug.m-3,71.91954022988506
2018-07-21,PM10,ug.m-3,21.930162412993035
2018-07-21,PM2.5,ug.m-3,10.624255952380954
2018-07-22,O3,ug.m-3,87.95545977011494
2018-07-22,PM10,ug.m-3,20.771296296296278
2018-07-22,PM2.5,ug.m-3,13.711755952380972
2018-07-23,O3,ug.m-3,102.30747126436782
2018-07-23,PM10,ug.m-3,26.837354988399046
2018-07-23,PM2.5,ug.m-3,13.263988095238114
2018-07-24,O3,ug.m-3,92.4178674351585
2018-07-24,PM10,ug.m-3,28.30185830429732
2018-07-24,PM2.5,ug.m-3,12.362742175856921
2018-07-25,O3,ug.m-3,100.22413793103448
2018-07-25,PM10,ug.m-3,34.01929611650487
2018-07-25,PM2.5,ug.m-3,13.168057784911714
2018-07-26,O3,ug.m-3,118.8446455505279
2018-07-26,PM10,ug.m-3,35.63203883495137
2018-07-26,PM2.5,ug.m-3,17.12395833333333
2018-07-27,O3,ug.m-3,94.7183908045977
2018-07-27,PM10,ug.m-3,34.13032104637339
2018-07-27,PM2.5,ug.m-3,14.418590704647686
2018-07-28,O3,ug.m-3,60.69396551724138
2018-07-28,PM10,ug.m-3,17.858101851851867
2018-07-28,PM2.5,ug.m-3,7.343666169895676
2018-07-29,O3,ug.m-3,58.85344827586207
2018-07-29,PM10,ug.m-3,16.378654292343395
2018-07-29,PM2.5,ug.m-3,6.1273809523809515
2018-07-30,O3,ug.m-3,45.299418604651166
2018-07-30,PM10,ug.m-3,15.622531939605125
2018-07-30,PM2.5,ug.m-3,4.6111607142857185
2018-07-31,O3,ug.m-3,52.74927536231884
2018-07-31,PM10,ug.m-3,14.986226851851816
2018-07-31,PM2.5,ug.m-3,4.4727272727272736
2018-08-01,O3,ug.m-3,66.96120689655173
2018-08-01,PM10,ug.m-3,17.89716981132078
2018-08-01,PM2.5,ug.m-3,5.461194029850762
2018-08-02,O3,ug.m-3,91.29597701149426
2018-08-02,PM10,ug.m-3,23.088290398126496
2018-08-02,PM2.5,ug.m-3,8.899404761904774
2018-08-03,O3,ug.m-3,125.47186147186147
2018-08-03,PM10,ug.m-3,30.091774383078683
2018-08-03,PM2.5,ug.m-3,12.863839285714288
2018-08-04,O3,ug.m-3,109.62931034482759
2018-08-04,PM10,ug.m-3,20.394880952380905
2018-08-04,PM2.5,ug.m-3,8.316199376947042
2018-08-05,O3,ug.m-3,77.91091954022988
2018-08-05,PM10,ug.m-3,15.211793020457328
2018-08-05,PM2.5,ug.m-3,8.271385083713847
2018-08-06,O3,ug.m-3,91.90791366906475
2018-08-06,PM10,ug.m-3,22.569700598802395
2018-08-06,PM2.5,ug.m-3,6.879017857142835
2018-08-07,O3,ug.m-3,99.9382183908046
2018-08-07,PM10,ug.m-3,33.943162393162446
2018-08-07,PM2.5,ug.m-3,11.722188449848023
2018-08-08,O3,ug.m-3,68.18649045521292
2018-08-08,PM10,ug.m-3,21.20358126721763
2018-08-08,PM2.5,ug.m-3,6.109323308270682
2018-08-09,O3,ug.m-3,47.25431034482759
2018-08-09,PM10,ug.m-3,13.245611866501866
2018-08-09,PM2.5,ug.m-3,5.887910447761196
2018-08-10,O3,ug.m-3,48.11350574712644
2018-08-10,PM10,ug.m-3,12.077937649880068
2018-08-10,PM2.5,ug.m-3,4.688041853512704
2018-08-11,O3,ug.m-3,53.145953757225435
2018-08-11,PM10,ug.m-3,9.779404761904772
2018-08-11,PM2.5,ug.m-3,4.384821428571429
2018-08-12,O3,ug.m-3,67.84770114942529
2018-08-12,PM10,ug.m-3,10.913690476190498
2018-08-12,PM2.5,ug.m-3,5.1613095238095354
2018-08-13,O3,ug.m-3,45.57856093979442
2018-08-13,PM10,ug.m-3,11.847037914691938
2018-08-13,PM2.5,ug.m-3,4.6880733944954205
2018-08-14,O3,ug.m-3,49.025862068965516
2018-08-14,PM10,ug.m-3,15.345165394402038
2018-08-14,PM2.5,ug.m-3,5.265451388888883
2018-08-15,O3,ug.m-3,50.229885057471265
2018-08-15,PM10,ug.m-3,11.48119047619048
2018-08-15,PM2.5,ug.m-3,5.484775641025641
2018-08-16,O3,ug.m-3,54.34770114942529
2018-08-16,PM10,ug.m-3,16.83958837772397
2018-08-16,PM2.5,ug.m-3,6.808652246256235
2018-08-17,O3,ug.m-3,58.17985611510792
2018-08-17,PM10,ug.m-3,14.45622775800713
2018-08-17,PM2.5,ug.m-3,6.019314641744539
2018-08-18,O3,ug.m-3,51.329496402877695
2018-08-18,PM10,ug.m-3,14.824709976798149
2018-08-18,PM2.5,ug.m-3,6.03139880952381
2018-08-19,O3,ug.m-3,48.57787481804949
2018-08-19,PM10,ug.m-3,16.78397212543552
2018-08-19,PM2.5,ug.m-3,8.489418777943374
2018-08-20,O3,ug.m-3,37.710682492581604
2018-08-20,PM10,ug.m-3,11.59523255813953
2018-08-20,PM2.5,ug.m-3,3.8982089552238746
2018-08-21,O3,ug.m-3,40.79568345323741
2018-08-21,PM10,ug.m-3,14.812075029308316
2018-08-21,PM2.5,ug.m-3,5.568749999999999
2018-08-22,O3,ug.m-3,52.70028818443804
2018-08-22,PM10,ug.m-3,19.169444444444455
2018-08-22,PM2.5,ug.m-3,6.63080357142857
2018-08-23,O3,ug.m-3,50.46685878962536
2018-08-23,PM10,ug.m-3,20.60504694835681
2018-08-23,PM2.5,ug.m-3,7.165573770491796
2018-08-24,O3,ug.m-3,51.525862068965516
2018-08-24,PM10,ug.m-3,17.521219226260236
2018-08-24,PM2.5,ug.m-3,5.621493902439023
2018-08-25,O3,ug.m-3,55.70402298850575
2018-08-25,PM10,ug.m-3,9.17386231038507
2018-08-25,PM2.5,ug.m-3,3.7397321428571386
2018-08-26,O3,ug.m-3,53.23419540229885
2018-08-26,PM10,ug.m-3,10.523488372093016
2018-08-26,PM2.5,ug.m-3,4.738244047619044
2018-08-27,O3,ug.m-3,56.18299711815562
2018-08-27,PM10,ug.m-3,15.900118063754391
2018-08-27,PM2.5,ug.m-3,6.342152466367714
2018-08-28,O3,ug.m-3,60.98994252873563
2018-08-28,PM10,ug.m-3,24.436860465116258
2018-08-28,PM2.5,ug.m-3,12.221641791044762
2018-08-29,O3,ug.m-3,52.8757225433526
2018-08-29,PM10,ug.m-3,15.72056737588655
2018-08-29,PM2.5,ug.m-3,8.519936204146735
2018-08-30,O3,ug.m-3,45.0463768115942
2018-08-30,PM10,ug.m-3,16.41988372093022
2018-08-30,PM2.5,ug.m-3,7.796875000000005
2018-08-31,O3,ug.m-3,55.86868686868687
2018-08-31,PM10,ug.m-3,16.603608847497107
2018-08-31,PM2.5,ug.m-3,8.965922619047628
2018-09-01,O3,ug.m-3,56.27298850574713
2018-09-01,PM10,ug.m-3,15.210300925925928
2018-09-01,PM2.5,ug.m-3,7.435565476190465
2018-09-02,O3,ug.m-3,65.51436781609195
2018-09-02,PM10,ug.m-3,15.015133876600705
2018-09-02,PM2.5,ug.m-3,7.685119047619047
2018-09-03,O3,ug.m-3,69.5635838150289
2018-09-03,PM10,ug.m-3,21.22094907407405
2018-09-03,PM2.5,ug.m-3,9.40297619047619
2018-09-04,O3,ug.m-3,58.48840579710145
2018-09-04,PM10,ug.m-3,23.880545670225388
2018-09-04,PM2.5,ug.m-3,11.039421613394218
2018-09-05,O3,ug.m-3,67.19252873563218
2018-09-05,PM10,ug.m-3,27.637425506555427
2018-09-05,PM2.5,ug.m-3,14.835802469135812
2018-09-06,O3,ug.m-3,72.04040404040404
2018-09-06,PM10,ug.m-3,20.65685814771396
2018-09-06,PM2.5,ug.m-3,10.43404255319149
2018-09-07,O3,ug.m-3,54.29454022988506
2018-09-07,PM10,ug.m-3,14.954804270462661
2018-09-07,PM2.5,ug.m-3,5.12671641791044
2018-09-08,O3,ug.m-3,47.40373563218391
2018-09-08,PM10,ug.m-3,14.56879350348029
2018-09-08,PM2.5,ug.m-3,6.955737704918036
2018-09-09,O3,ug.m-3,60.10344827586207
2018-09-09,PM10,ug.m-3,13.512456344586711
2018-09-09,PM2.5,ug.m-3,6.185714285714281
2018-09-10,O3,ug.m-3,50.74351585014409
2018-09-10,PM10,ug.m-3,19.733953488372084
2018-09-10,PM2.5,ug.m-3,5.850302114803626
2018-09-11,O3,ug.m-3,48.935344827586206
2018-09-11,PM10,ug.m-3,24.051257485029925
2018-09-11,PM2.5,ug.m-3,7.219306184012081
2018-09-12,O3,ug.m-3,48.5919540229885
2018-09-12,PM10,ug.m-3,20.47165242165241
2018-09-12,PM2.5,ug.m-3,7.045238095238091
2018-09-13,O3,ug.m-3,31.653735632183906
2018-09-13,PM10,ug.m-3,18.109485530546635
2018-09-13,PM2.5,ug.m-3,11.73121212121213
2018-09-14,O3,ug.m-3,53.746646795827125
2018-09-14,PM10,ug.m-3,14.603215434083587
2018-09-14,PM2.5,ug.m-3,6.112351190476201
2018-09-15,O3,ug.m-3,43.073593073593074
2018-09-15,PM10,ug.m-3,12.546153846153837
2018-09-15,PM2.5,ug.m-3,5.129761904761902
2018-09-16,O3,ug.m-3,44.081896551724135
2018-09-16,PM10,ug.m-3,12.366185897435882
2018-09-16,PM2.5,ug.m-3,6.332440476190476
2018-09-17,O3,ug.m-3,55.389367816091955
2018-09-17,PM10,ug.m-3,17.68106796116507
2018-09-17,PM2.5,ug.m-3,6.300446428571431
2018-09-18,O3,ug.m-3,47.894909688013136
2018-09-18,PM10,ug.m-3,19.387743190661464
2018-09-18,PM2.5,ug.m-3,9.619748653500917
2018-09-19,O3,ug.m-3,43.39310344827586
2018-09-19,PM10,ug.m-3,26.817755443886124
2018-09-19,PM2.5,ug.m-3,8.49273422562143
2018-09-20,O3,ug.m-3,48.55344827586207
2018-09-20,PM10,ug.m-3,24.70857988165682
2018-09-20,PM2.5,ug.m-3,7.215399610136438
2018-09-21,O3,ug.m-3,57.608620689655176
2018-09-21,PM10,ug.m-3,15.60537790697676
2018-09-21,PM2.5,ug.m-3,5.84446564885496
2018-09-22,O3,ug.m-3,51.46896551724138
2018-09-22,PM10,ug.m-3,13.950755287009057
2018-09-22,PM2.5,ug.m-3,4.261290322580648
2018-09-23,O3,ug.m-3,37.9551724137931
2018-09-23,PM10,ug.m-3,4.340670553935852
2018-09-23,PM2.5,ug.m-3,2.8110465116279086
2018-09-24,O3,ug.m-3,43.85146804835924
2018-09-24,PM10,ug.m-3,13.878924418604633
2018-09-24,PM2.5,ug.m-3,4.531647940074909
2018-09-25,O3,ug.m-3,45.611111111111114
2018-09-25,PM10,ug.m-3,18.976666666666652
2018-09-25,PM2.5,ug.m-3,6.764761904761907
2018-09-26,O3,ug.m-3,30.753086419753085
2018-09-26,PM10,ug.m-3,25.503305785123942
2018-09-26,PM2.5,ug.m-3,10.027536231884062
2018-09-27,O3,ug.m-3,38.06635802469136
2018-09-27,PM10,ug.m-3,39.278971962616815
2018-09-27,PM2.5,ug.m-3,14.995384615384626
2018-09-28,O3,ug.m-3,38.049612403100774
2018-09-28,PM10,ug.m-3,33.25240174672489
2018-09-28,PM2.5,ug.m-3,14.682527881040894
2018-09-29,O3,ug.m-3,46.98738170347003
2018-09-29,PM10,ug.m-3,19.103501945525302
2018-09-29,PM2.5,ug.m-3,7.669784172661871
2018-09-30,O3,ug.m-3,48.06803797468354
2018-09-30,PM10,ug.m-3,19.617898832684823
2018-09-30,PM2.5,ug.m-3,9.694604316546773
2018-10-01,O3,ug.m-3,48.139966273187184
2018-10-01,PM10,ug.m-3,20.08661417322836
2018-10-01,PM2.5,ug.m-3,7.1118705035971175
2018-10-02,O3,ug.m-3,38.52777777777778
2018-10-02,PM10,ug.m-3,19.705447470817106
2018-10-02,PM2.5,ug.m-3,7.905755395683454
2018-10-03,O3,ug.m-3,25.96759259259259
2018-10-03,PM10,ug.m-3,16.614173228346456
2018-10-03,PM2.5,ug.m-3,6.343525179856116
2018-10-04,O3,ug.m-3,27.794753086419753
2018-10-04,PM10,ug.m-3,27.074409448818884
2018-10-04,PM2.5,ug.m-3,11.239259259259256
2018-10-05,O3,ug.m-3,33.7421875
2018-10-05,PM10,ug.m-3,37.2609375
2018-10-05,PM2.5,ug.m-3,15.048920863309345
2018-10-06,O3,ug.m-3,48.9429012345679
2018-10-06,PM10,ug.m-3,26.92529182879379
2018-10-06,PM2.5,ug.m-3,12.748201438848932
2018-10-07,O3,ug.m-3,34.20216049382716
2018-10-07,PM10,ug.m-3,17.780544747081706
2018-10-07,PM2.5,ug.m-3,14.08381294964027
2018-10-08,O3,ug.m-3,28.976671850699844
2018-10-08,PM10,ug.m-3,27.022594142259425
2018-10-08,PM2.5,ug.m-3,11.775793650793666
2018-10-09,O3,ug.m-3,27.582689335394125
2018-10-09,PM10,ug.m-3,34.00987124463519
2018-10-09,PM2.5,ug.m-3,14.772850678733029
2018-10-10,O3,ug.m-3,41.60493827160494
2018-10-10,PM10,ug.m-3,32.89680365296803
2018-10-10,PM2.5,ug.m-3,14.679674796747966
2018-10-11,O3,ug.m-3,53.492283950617285
2018-10-11,PM10,ug.m-3,20.069953051643182
2018-10-11,PM2.5,ug.m-3,7.165703971119134
2018-10-12,O3,ug.m-3,36.52777777777778
2018-10-12,PM10,ug.m-3,24.572682926829277
2018-10-12,PM2.5,ug.m-3,10.18078431372549
2018-10-13,O3,ug.m-3,42.66512345679013
2018-10-13,PM10,ug.m-3,23.145689655172415
2018-10-13,PM2.5,ug.m-3,11.272941176470592
2018-10-14,O3,ug.m-3,60.69598765432099
2018-10-14,PM10,ug.m-3,21.717948717948698
2018-10-14,PM2.5,ug.m-3,10.952100840336136
2018-10-15,O3,ug.m-3,60.742283950617285
2018-10-15,PM10,ug.m-3,31.856053811659166
2018-10-15,PM2.5,ug.m-3,14.236744186046518
2018-10-16,O3,ug.m-3,20.566666666666666
2018-10-16,PM10,ug.m-3,44.10112359550561
2018-10-16,PM2.5,ug.m-3,19.47920792079208
2018-10-17,O3,ug.m-3,41.15608465608466
2018-10-17,PM10,ug.m-3,30.56339869281047
2018-10-17,PM2.5,ug.m-3,11.830722891566262
2018-10-18,O3,ug.m-3,40.31269349845201
2018-10-18,PM10,ug.m-3,34.41739130434782
2018-10-18,PM2.5,ug.m-3,18.131086142322097
2018-10-19,O3,ug.m-3,26.387345679012345
2018-10-19,PM10,ug.m-3,40.35677966101694
2018-10-19,PM2.5,ug.m-3,24.337596899224774
2018-10-20,O3,ug.m-3,28.98611111111111
2018-10-20,PM10,ug.m-3,36.19743589743589
2018-10-20,PM2.5,ug.m-3,23.87019607843135
2018-10-21,O3,ug.m-3,22.46604938271605
2018-10-21,PM10,ug.m-3,39.56532258064517
2018-10-21,PM2.5,ug.m-3,26.39070631970263
2018-10-22,O3,ug.m-3,36.49760765550239
2018-10-22,PM10,ug.m-3,28.272908366533848
2018-10-22,PM2.5,ug.m-3,14.910791366906487
2018-10-23,O3,ug.m-3,33.10849056603774
2018-10-23,PM10,ug.m-3,33.018473895582325
2018-10-23,PM2.5,ug.m-3,10.708823529411765
2018-10-24,O3,ug.m-3,19.76058631921824
2018-10-24,PM10,ug.m-3,26.302678571428565
2018-10-24,PM2.5,ug.m-3,9.765925925925922
2018-10-25,O3,ug.m-3,28.183925811437405
2018-10-25,PM10,ug.m-3,31.56367713004484
2018-10-25,PM2.5,ug.m-3,15.606115107913663
2018-10-26,O3,ug.m-3,39.288372093023256
2018-10-26,PM10,ug.m-3,23.795708154506446
2018-10-26,PM2.5,ug.m-3,11.24963768115942
2018-10-27,O3,ug.m-3,34.46179966044143
2018-10-27,PM10,ug.m-3,13.729045643153523
2018-10-27,PM2.5,ug.m-3,7.7521072796934885
2018-10-28,O3,ug.m-3,36.411023622047246
2018-10-28,PM10,ug.m-3,23.410646387832696
2018-10-28,PM2.5,ug.m-3,15.768928571428559
2018-10-29,O3,ug.m-3,23.749596122778676
2018-10-29,PM10,ug.m-3,22.700000000000003
2018-10-29,PM2.5,ug.m-3,16.47746478873239
2018-10-30,O3,ug.m-3,29.8984375
2018-10-30,PM10,ug.m-3,16.955230125523013
2018-10-30,PM2.5,ug.m-3,10.340689655172419
2018-10-31,O3,ug.m-3,13.242199108469539
2018-10-31,PM10,ug.m-3,19.83409090909091
2018-10-31,PM2.5,ug.m-3,12.448507462686576
2018-11-01,O3,ug.m-3,41.34084084084084
2018-11-01,PM10,ug.m-3,13.065044247787604
2018-11-01,PM2.5,ug.m-3,8.26801470588235
2018-11-02,O3,ug.m-3,23.196992481203008
2018-11-02,PM10,ug.m-3,21.287224669603525
2018-11-02,PM2.5,ug.m-3,13.248000000000003
2018-11-03,O3,ug.m-3,13.194650817236255
2018-11-03,PM10,ug.m-3,32.27660550458717
2018-11-03,PM2.5,ug.m-3,20.160606060606067
2018-11-04,O3,ug.m-3,11.213649851632047
2018-11-04,PM10,ug.m-3,30.99862385321101
2018-11-04,PM2.5,ug.m-3,24.549621212121203
2018-11-05,O3,ug.m-3,13.469265367316341
2018-11-05,PM10,ug.m-3,28.15720720720721
2018-11-05,PM2.5,ug.m-3,17.859851301115242
2018-11-06,O3,ug.m-3,39.155725190839696
2018-11-06,PM10,ug.m-3,17.763470319634695
2018-11-06,PM2.5,ug.m-3,7.741153846153844
2018-11-07,O3,ug.m-3,46.95676691729323
2018-11-07,PM10,ug.m-3,10.06764705882353
2018-11-07,PM2.5,ug.m-3,5.601785714285714
2018-11-08,O3,ug.m-3,33.30386740331492
2018-11-08,PM10,ug.m-3,23.884090909090904
2018-11-08,PM2.5,ug.m-3,9.954487179487181
2018-11-09,O3,ug.m-3,25.616417910447762
2018-11-09,PM10,ug.m-3,23.503271028037382
2018-11-09,PM2.5,ug.m-3,11.551526717557259
2018-11-10,O3,ug.m-3,54.022624434389144
2018-11-10,PM10,ug.m-3,8.218181818181817
2018-11-10,PM2.5,ug.m-3,6.234374999999999
2018-11-11,O3,ug.m-3,50.7847533632287
2018-11-11,PM10,ug.m-3,8.682673267326734
2018-11-11,PM2.5,ug.m-3,6.8642307692307725
2018-11-12,O3,ug.m-3,29.301204819277107
2018-11-12,PM10,ug.m-3,11.548684210526309
2018-11-12,PM2.5,ug.m-3,8.241111111111113
2018-11-13,O3,ug.m-3,35.55038759689923
2018-11-13,PM10,ug.m-3,23.13231939163499
2018-11-13,PM2.5,ug.m-3,10.091258741258741
2018-11-14,O3,ug.m-3,9.327407407407408
2018-11-14,PM10,ug.m-3,29.93524904214559
2018-11-14,PM2.5,ug.m-3,14.521328671328673
2018-11-15,O3,ug.m-3,7.718518518518518
2018-11-15,PM10,ug.m-3,19.86205533596838
2018-11-15,PM2.5,ug.m-3,12.756834532374098
2018-11-16,O3,ug.m-3,6.383703703703704
2018-11-16,PM10,ug.m-3,17.96250000000001
2018-11-16,PM2.5,ug.m-3,11.686805555555544
2018-11-17,O3,ug.m-3,18.391369047619047
2018-11-17,PM10,ug.m-3,29.730223880597016
2018-11-17,PM2.5,ug.m-3,22.62310344827587
2018-11-18,O3,ug.m-3,32.413333333333334
2018-11-18,PM10,ug.m-3,20.721348314606743
2018-11-18,PM2.5,ug.m-3,16.562413793103442
2018-11-19,O3,ug.m-3,28.76780185758514
2018-11-19,PM10,ug.m-3,20.19224806201551
2018-11-19,PM2.5,ug.m-3,13.944890510948907
2018-11-20,O3,ug.m-3,18.071535022354695
2018-11-20,PM10,ug.m-3,27.03601532567049
2018-11-20,PM2.5,ug.m-3,23.23135888501743
2018-11-21,O3,ug.m-3,7.5
2018-11-21,PM10,ug.m-3,43.358333333333334
2018-11-21,PM2.5,ug.m-3,33.36549295774649
2018-11-22,O3,ug.m-3,3.1914893617021276
2018-11-22,PM10,ug.m-3,31.11535580524345
2018-11-22,PM2.5,ug.m-3,24.08491228070175
2018-11-23,O3,ug.m-3,2.8525641025641026
2018-11-23,PM10,ug.m-3,32.03180076628356
2018-11-23,PM2.5,ug.m-3,22.274652777777774
2018-11-24,O3,ug.m-3,22.031358885017422
2018-11-24,PM10,ug.m-3,14.79411764705882
2018-11-24,PM2.5,ug.m-3,12.42017543859649
2018-11-25,O3,ug.m-3,26.486772486772487
2018-11-25,PM10,ug.m-3,14.000000000000004
2018-11-25,PM2.5,ug.m-3,11.32678571428571
2018-11-26,O3,ug.m-3,1.9530303030303031
2018-11-26,PM10,ug.m-3,27.353225806451604
2018-11-26,PM2.5,ug.m-3,23.036395759717323
2018-11-27,O3,ug.m-3,14.552511415525114
2018-11-27,PM10,ug.m-3,31.940983606557367
2018-11-27,PM2.5,ug.m-3,21.568181818181817
2018-11-28,O3,ug.m-3,37.7741456166419
2018-11-28,PM10,ug.m-3,14.460305343511457
2018-11-28,PM2.5,ug.m-3,8.878169014084513
2018-11-29,O3,ug.m-3,40.476900149031295
2018-11-29,PM10,ug.m-3,20.444957983193273
2018-11-29,PM2.5,ug.m-3,9.356206896551727
2018-11-30,O3,ug.m-3,39.404444444444444
2018-11-30,PM10,ug.m-3,27.86406926406926
2018-11-30,PM2.5,ug.m-3,10.788235294117648
2018-12-01,O3,ug.m-3,44.46074074074074
2018-12-01,PM10,ug.m-3,12.977922077922074
2018-12-01,PM2.5,ug.m-3,7.634814814814813
2018-12-02,O3,ug.m-3,51.76557863501483
2018-12-02,PM10,ug.m-3,6.06413502109705
2018-12-02,PM2.5,ug.m-3,3.944290657439443
2018-12-03,O3,ug.m-3,56.37481259370315
2018-12-03,PM10,ug.m-3,9.599999999999998
2018-12-03,PM2.5,ug.m-3,5.417132867132865
2018-12-04,O3,ug.m-3,29.26222222222222
2018-12-04,PM10,ug.m-3,19.13544303797468
2018-12-04,PM2.5,ug.m-3,9.068750000000003
2018-12-05,O3,ug.m-3,20.605697151424287
2018-12-05,PM10,ug.m-3,27.271634615384606
2018-12-05,PM2.5,ug.m-3,13.113186813186811
2018-12-06,O3,ug.m-3,35.421647819063004
2018-12-06,PM10,ug.m-3,15.318859649122809
2018-12-06,PM2.5,ug.m-3,6.954861111111111
2018-12-07,O3,ug.m-3,63.70814814814815
2018-12-07,PM10,ug.m-3,12.164516129032249
2018-12-07,PM2.5,ug.m-3,5.717957746478873
2018-12-08,O3,ug.m-3,64.99381761978361
2018-12-08,PM10,ug.m-3,15.611450381679381
2018-12-08,PM2.5,ug.m-3,7.765492957746476
2018-12-09,O3,ug.m-3,69.88084464555052
2018-12-09,PM10,ug.m-3,15.430681818181817
2018-12-09,PM2.5,ug.m-3,9.790909090909093
2018-12-10,O3,ug.m-3,37.95046439628483
2018-12-10,PM10,ug.m-3,17.711320754716983
2018-12-10,PM2.5,ug.m-3,8.634909090909098
2018-12-11,O3,ug.m-3,8.103554868624421
2018-12-11,PM10,ug.m-3,39.56692607003891
2018-12-11,PM2.5,ug.m-3,20.000353356890468
2018-12-12,O3,ug.m-3,21.801788375558868
2018-12-12,PM10,ug.m-3,30.49999999999999
2018-12-12,PM2.5,ug.m-3,17.33085106382978
2018-12-13,O3,ug.m-3,14.769726247987117
2018-12-13,PM10,ug.m-3,24.05366795366794
2018-12-13,PM2.5,ug.m-3,16.64862068965518
2018-12-14,O3,ug.m-3,17.345425867507885
2018-12-14,PM10,ug.m-3,30.44153846153847
2018-12-14,PM2.5,ug.m-3,20.73736654804269
2018-12-15,O3,ug.m-3,20.616296296296298
2018-12-15,PM10,ug.m-3,28.454104477611935
2018-12-15,PM2.5,ug.m-3,23.045862068965523
2018-12-16,O3,ug.m-3,37.162962962962965
2018-12-16,PM10,ug.m-3,14.226865671641795
2018-12-16,PM2.5,ug.m-3,11.266206896551726
2018-12-17,O3,ug.m-3,29.857369255150555
2018-12-17,PM10,ug.m-3,22.204119850187258
2018-12-17,PM2.5,ug.m-3,10.818620689655177
2018-12-18,O3,ug.m-3,35.811287477954146
2018-12-18,PM10,ug.m-3,23.040377358490566
2018-12-18,PM2.5,ug.m-3,9.632179930795848
2018-12-19,O3,ug.m-3,48.750871080139376
2018-12-19,PM10,ug.m-3,14.164853556485356
2018-12-19,PM2.5,ug.m-3,6.6603636363636385
2018-12-20,O3,ug.m-3,51.71774193548387
2018-12-20,PM10,ug.m-3,18.73938223938225
2018-12-20,PM2.5,ug.m-3,7.6675862068965515
2018-12-21,O3,ug.m-3,54.11044776119403
2018-12-21,PM10,ug.m-3,7.4619771863117865
2018-12-21,PM2.5,ug.m-3,4.529965156794427
2018-12-22,O3,ug.m-3,59.75084175084175
2018-12-22,PM10,ug.m-3,13.720909090909092
2018-12-22,PM2.5,ug.m-3,7.028688524590162
2018-12-23,O3,ug.m-3,50.21164021164021
2018-12-23,PM10,ug.m-3,6.490196078431376
2018-12-23,PM2.5,ug.m-3,4.311309523809525
2018-12-24,O3,ug.m-3,36.55044510385757
2018-12-24,PM10,ug.m-3,13.987686567164186
2018-12-24,PM2.5,ug.m-3,9.787241379310345
2018-12-25,O3,ug.m-3,13.57925925925926
2018-12-25,PM10,ug.m-3,21.457142857142866
2018-12-25,PM2.5,ug.m-3,16.696774193548386
2018-12-26,O3,ug.m-3,4.447604790419161
2018-12-26,PM10,ug.m-3,34.95038461538461
2018-12-26,PM2.5,ug.m-3,26.027017543859646
2018-12-27,O3,ug.m-3,3.997037037037037
2018-12-27,PM10,ug.m-3,33.94710743801654
2018-12-27,PM2.5,ug.m-3,29.02517482517484
2018-12-28,O3,ug.m-3,5.58962962962963
2018-12-28,PM10,ug.m-3,36.30232558139536
2018-12-28,PM2.5,ug.m-3,28.06655172413793
2018-12-29,O3,ug.m-3,6.515555555555555
2018-12-29,PM10,ug.m-3,38.07876106194691
2018-12-29,PM2.5,ug.m-3,32.224482758620674
2018-12-30,O3,ug.m-3,21.394074074074073
2018-12-30,PM10,ug.m-3,22.196929824561394
2018-12-30,PM2.5,ug.m-3,16.95758620689655
2018-12-31,O3,ug.m-3,26.38222222222222
2018-12-31,PM10,ug.m-3,13.895199999999992
2018-12-31,PM2.5,ug.m-3,9.289930555555548
2019-01-01,O3,ug.m-3,41.885925925925925
2019-01-01,PM10,ug.m-3,16.891287878787875
2019-01-01,PM2.5,ug.m-3,11.009440559440556
2019-01-02,O3,ug.m-3,51.28148148148148
2019-01-02,PM10,ug.m-3,19.437596899224808
2019-01-02,PM2.5,ug.m-3,9.036524822695032
2019-01-03,O3,ug.m-3,38.34632683658171
2019-01-03,PM10,ug.m-3,22.656756756756753
2019-01-03,PM2.5,ug.m-3,11.47285714285714
2019-01-04,O3,ug.m-3,28.150537634408604
2019-01-04,PM10,ug.m-3,26.083208955223895
2019-01-04,PM2.5,ug.m-3,17.69786476868327
2019-01-05,O3,ug.m-3,36.59851851851852
2019-01-05,PM10,ug.m-3,22.859386973180076
2019-01-05,PM2.5,ug.m-3,17.35137931034483
2019-01-06,O3,ug.m-3,27.081481481481482
2019-01-06,PM10,ug.m-3,30.842481203007527
2019-01-06,PM2.5,ug.m-3,23.320344827586183
2019-01-07,O3,ug.m-3,18.577380952380953
2019-01-07,PM10,ug.m-3,27.53615384615385
2019-01-07,PM2.5,ug.m-3,17.624825174825173
2019-01-08,O3,ug.m-3,48.11259259259259
2019-01-08,PM10,ug.m-3,18.829323308270684
2019-01-08,PM2.5,ug.m-3,8.955595667870027
2019-01-09,O3,ug.m-3,51.59090909090909
2019-01-09,PM10,ug.m-3,18.16038461538462
2019-01-09,PM2.5,ug.m-3,8.146743295019153
2019-01-10,O3,ug.m-3,27.772659732540863
2019-01-10,PM10,ug.m-3,26.316205533596865
2019-01-10,PM2.5,ug.m-3,10.357835820895525
2019-01-11,O3,ug.m-3,14.053333333333333
2019-01-11,PM10,ug.m-3,24.28101265822786
2019-01-11,PM2.5,ug.m-3,16.363636363636363
2019-01-12,O3,ug.m-3,38.05777777777778
2019-01-12,PM10,ug.m-3,18.904115226337435
2019-01-12,PM2.5,ug.m-3,12.195636363636348
2019-01-13,O3,ug.m-3,64.18962962962964
2019-01-13,PM10,ug.m-3,12.307468879668056
2019-01-13,PM2.5,ug.m-3,7.3441947565543
2019-01-14,O3,ug.m-3,50.989598811292716
2019-01-14,PM10,ug.m-3,19.4686507936508
2019-01-14,PM2.5,ug.m-3,8.527697841726622
2019-01-15,O3,ug.m-3,39.96
2019-01-15,PM10,ug.m-3,23.356603773584897
2019-01-15,PM2.5,ug.m-3,12.18571428571429
2019-01-16,O3,ug.m-3,40.92444444444445
2019-01-16,PM10,ug.m-3,26.326923076923087
2019-01-16,PM2.5,ug.m-3,14.002758620689661
2019-01-17,O3,ug.m-3,46.26222222222222
2019-01-17,PM10,ug.m-3,14.156299212598428
2019-01-17,PM2.5,ug.m-3,7.168439716312058
2019-01-18,O3,ug.m-3,18.32
2019-01-18,PM10,ug.m-3,38.207462686567126
2019-01-18,PM2.5,ug.m-3,20.732758620689655
2019-01-19,O3,ug.m-3,22.068148148148147
2019-01-19,PM10,ug.m-3,23.11076923076923
2019-01-19,PM2.5,ug.m-3,17.22103448275862
2019-01-20,O3,ug.m-3,21.499259259259258
2019-01-20,PM10,ug.m-3,25.70340909090909
2019-01-20,PM2.5,ug.m-3,22.78159722222225
2019-01-21,O3,ug.m-3,10.176557863501484
2019-01-21,PM10,ug.m-3,54.79280303030305
2019-01-21,PM2.5,ug.m-3,43.06258992805752
2019-01-22,O3,ug.m-3,22.95259259259259
2019-01-22,PM10,ug.m-3,32.413178294573655
2019-01-22,PM2.5,ug.m-3,29.442361111111115
2019-01-23,O3,ug.m-3,37.687407407407406
2019-01-23,PM10,ug.m-3,16.546666666666674
2019-01-23,PM2.5,ug.m-3,14.324137931034484
2019-01-24,O3,ug.m-3,17.845697329376854
2019-01-24,PM10,ug.m-3,43.651550387596906
2019-01-24,PM2.5,ug.m-3,34.66655052264809
2019-01-25,O3,ug.m-3,21.167407407407406
2019-01-25,PM10,ug.m-3,30.952713178294577
2019-01-25,PM2.5,ug.m-3,24.117586206896558
2019-01-26,O3,ug.m-3,52.482962962962965
2019-01-26,PM10,ug.m-3,9.973880597014931
2019-01-26,PM2.5,ug.m-3,6.453793103448276
2019-01-27,O3,ug.m-3,67.17925925925925
2019-01-27,PM10,ug.m-3,9.96992481203008
2019-01-27,PM2.5,ug.m-3,5.837102473498233
2019-01-28,O3,ug.m-3,47.96974281391831
2019-01-28,PM10,ug.m-3,19.65169811320754
2019-01-28,PM2.5,ug.m-3,7.8731034482758675
2019-01-29,O3,ug.m-3,32.87667161961367
2019-01-29,PM10,ug.m-3,24.957085020242914
2019-01-29,PM2.5,ug.m-3,12.482156133828989
2019-01-30,O3,ug.m-3,49.63353115727003
2019-01-30,PM10,ug.m-3,12.377637130801697
2019-01-30,PM2.5,ug.m-3,8.386799999999997
2019-01-31,O3,ug.m-3,44.275555555555556
2019-01-31,PM10,ug.m-3,15.527777777777775
2019-01-31,PM2.5,ug.m-3,11.036220472440947
2019-02-01,O3,ug.m-3,36.802962962962965
2019-02-01,PM10,ug.m-3,21.009842519685048
2019-02-01,PM2.5,ug.m-3,11.04323308270677
2019-02-02,O3,ug.m-3,44.33481481481481
2019-02-02,PM10,ug.m-3,17.527985074626862
2019-02-02,PM2.5,ug.m-3,13.379182156133837
2019-02-03,O3,ug.m-3,41.825185185185184
2019-02-03,PM10,ug.m-3,19.801992031872505
2019-02-03,PM2.5,ug.m-3,13.381467181467178
2019-02-04,O3,ug.m-3,32.99111111111111
2019-02-04,PM10,ug.m-3,24.7717054263566
2019-02-04,PM2.5,ug.m-3,15.901492537313434
2019-02-05,O3,ug.m-3,41.223703703703706
2019-02-05,PM10,ug.m-3,27.126136363636373
2019-02-05,PM2.5,ug.m-3,15.589160839160845
2019-02-06,O3,ug.m-3,28.517910447761196
2019-02-06,PM10,ug.m-3,23.865671641791057
2019-02-06,PM2.5,ug.m-3,14.851245551601426
2019-02-07,O3,ug.m-3,53.313131313131315
2019-02-07,PM10,ug.m-3,18.89511278195489
2019-02-07,PM2.5,ug.m-3,7.795801526717556
2019-02-08,O3,ug.m-3,64.41904761904762
2019-02-08,PM10,ug.m-3,17.507874015748033
2019-02-08,PM2.5,ug.m-3,7.680468750000003
2019-02-09,O3,ug.m-3,67.12796208530806
2019-02-09,PM10,ug.m-3,21.785447761194042
2019-02-09,PM2.5,ug.m-3,9.551408450704221
2019-02-10,O3,ug.m-3,72.2885085574572
2019-02-10,PM10,ug.m-3,7.54263565891473
2019-02-10,PM2.5,ug.m-3,6.362867647058824
2019-02-11,O3,ug.m-3,37.587426326129666
2019-02-11,PM10,ug.m-3,18.36902985074627
2019-02-11,PM2.5,ug.m-3,8.773010380622846
2019-02-12,O3,ug.m-3,14.680597014925374
2019-02-12,PM10,ug.m-3,39.84394618834083
2019-02-12,PM2.5,ug.m-3,21.374444444444453
2019-02-13,O3,ug.m-3,13.855654761904763
2019-02-13,PM10,ug.m-3,39.380104712041884
2019-02-13,PM2.5,ug.m-3,26.930232558139515
2019-02-14,O3,ug.m-3,13.341463414634147
2019-02-14,PM10,ug.m-3,45.2292792792793
2019-02-14,PM2.5,ug.m-3,25.129562043795627
2019-02-15,O3,ug.m-3,8.393939393939394
2019-02-15,PM10,ug.m-3,55.39285714285715
2019-02-15,PM2.5,ug.m-3,25.55159235668789
2019-02-16,O3,ug.m-3,38.597883597883595
2019-02-16,PM10,ug.m-3,57.39513108614233
2019-02-16,PM2.5,ug.m-3,32.789304812834224
2019-02-17,O3,ug.m-3,37.617777777777775
2019-02-17,PM10,ug.m-3,36.78221343873516
2019-02-17,PM2.5,ug.m-3,25.55071942446045
2019-02-18,O3,ug.m-3,37.57100149476831
2019-02-18,PM10,ug.m-3,44.38792452830189
2019-02-18,PM2.5,ug.m-3,21.907773851590118
2019-02-19,O3,ug.m-3,40.425185185185185
2019-02-19,PM10,ug.m-3,27.858174904942963
2019-02-19,PM2.5,ug.m-3,14.203448275862069
2019-02-20,O3,ug.m-3,23.337777777777777
2019-02-20,PM10,ug.m-3,54.24494382022472
2019-02-20,PM2.5,ug.m-3,30.72254098360656
2019-02-21,O3,ug.m-3,22.85037037037037
2019-02-21,PM10,ug.m-3,65.56940298507457
2019-02-21,PM2.5,ug.m-3,35.78631578947367
2019-02-22,O3,ug.m-3,15.545185185185185
2019-02-22,PM10,ug.m-3,71.21123595505618
2019-02-22,PM2.5,ug.m-3,39.68414634146341
2019-02-23,O3,ug.m-3,30.795555555555556
2019-02-23,PM10,ug.m-3,29.4782945736434
2019-02-23,PM2.5,ug.m-3,19.06583629893237
2019-02-24,O3,ug.m-3,33.60888888888889
2019-02-24,PM10,ug.m-3,25.00389105058367
2019-02-24,PM2.5,ug.m-3,15.715073529411761
2019-02-25,O3,ug.m-3,24.299850074962517
2019-02-25,PM10,ug.m-3,40.86603053435118
2019-02-25,PM2.5,ug.m-3,17.704395604395625
2019-02-26,O3,ug.m-3,20.736762481089258
2019-02-26,PM10,ug.m-3,46.63559999999999
2019-02-26,PM2.5,ug.m-3,19.683146067415734
2019-02-27,O3,ug.m-3,28.085925925925928
2019-02-27,PM10,ug.m-3,65.67744360902256
2019-02-27,PM2.5,ug.m-3,34.717073170731716
2019-02-28,O3,ug.m-3,52.802962962962965
2019-02-28,PM10,ug.m-3,38.87453183520599
2019-02-28,PM2.5,ug.m-3,20.86724137931037
2019-03-01,O3,ug.m-3,59.21482602118003
2019-03-01,PM10,ug.m-3,19.509561752988052
2019-03-01,PM2.5,ug.m-3,11.18339350180506
2019-03-02,O3,ug.m-3,61.02
2019-03-02,PM10,ug.m-3,18.355785123966943
2019-03-02,PM2.5,ug.m-3,8.33
2019-03-03,O3,ug.m-3,69.34461538461538
2019-03-03,PM10,ug.m-3,16.519354838709674
2019-03-03,PM2.5,ug.m-3,7.521708185053379
2019-03-04,O3,ug.m-3,79.16818181818182
2019-03-04,PM10,ug.m-3,11.799622641509437
2019-03-04,PM2.5,ug.m-3,5.895636363636368
2019-03-05,O3,ug.m-3,64.19851851851851
2019-03-05,PM10,ug.m-3,16.64531835205993
2019-03-05,PM2.5,ug.m-3,6.184137931034482
2019-03-06,O3,ug.m-3,56.788148148148146
2019-03-06,PM10,ug.m-3,18.437109375000006
2019-03-06,PM2.5,ug.m-3,8.883214285714288
2019-03-07,O3,ug.m-3,74.18074074074075
2019-03-07,PM10,ug.m-3,11.475384615384623
2019-03-07,PM2.5,ug.m-3,5.224727272727271
2019-03-08,O3,ug.m-3,66.23703703703704
2019-03-08,PM10,ug.m-3,18.381439393939395
2019-03-08,PM2.5,ug.m-3,6.893706293706287
2019-03-09,O3,ug.m-3,60.943703703703704
2019-03-09,PM10,ug.m-3,13.154117647058824
2019-03-09,PM2.5,ug.m-3,7.076923076923074
2019-03-10,O3,ug.m-3,75.84310618066561
2019-03-10,PM10,ug.m-3,16.233955223880603
2019-03-10,PM2.5,ug.m-3,6.407857142857139
2019-03-11,O3,ug.m-3,72.4763458401305
2019-03-11,PM10,ug.m-3,17.099236641221378
2019-03-11,PM2.5,ug.m-3,6.931071428571429
2019-03-12,O3,ug.m-3,71.20710973724884
2019-03-12,PM10,ug.m-3,19.828957528957506
2019-03-12,PM2.5,ug.m-3,8.076344086021498
2019-03-13,O3,ug.m-3,75.8162962962963
2019-03-13,PM10,ug.m-3,20.08352941176471
2019-03-13,PM2.5,ug.m-3,7.336101083032493
2019-03-14,O3,ug.m-3,68.57918552036199
2019-03-14,PM10,ug.m-3,10.645416666666657
2019-03-14,PM2.5,ug.m-3,4.79924242424242
2019-03-15,O3,ug.m-3,61.75555555555555
2019-03-15,PM10,ug.m-3,11.678968253968259
2019-03-15,PM2.5,ug.m-3,4.792779783393501
2019-03-16,O3,ug.m-3,77.65185185185184
2019-03-16,PM10,ug.m-3,11.370895522388063
2019-03-16,PM2.5,ug.m-3,5.275172413793101
2019-03-17,O3,ug.m-3,80.88922610015175
2019-03-17,PM10,ug.m-3,10.096958174904941
2019-03-17,PM2.5,ug.m-3,5.072161172161173
2019-03-18,O3,ug.m-3,56.68945022288261
2019-03-18,PM10,ug.m-3,17.307751937984506
2019-03-18,PM2.5,ug.m-3,6.87152777777778
2019-03-19,O3,ug.m-3,36.963076923076926
2019-03-19,PM10,ug.m-3,30.210121457489873
2019-03-19,PM2.5,ug.m-3,13.392250922509204
2019-03-20,O3,ug.m-3,33.98151001540832
2019-03-20,PM10,ug.m-3,42.39533898305089
2019-03-20,PM2.5,ug.m-3,20.196603773584897
2019-03-21,O3,ug.m-3,48.052160953800296
2019-03-21,PM10,ug.m-3,39.328235294117604
2019-03-21,PM2.5,ug.m-3,21.54964028776978
2019-03-22,O3,ug.m-3,37.640834575260804
2019-03-22,PM10,ug.m-3,46.74253731343281
2019-03-22,PM2.5,ug.m-3,25.769337979094068
2019-03-23,O3,ug.m-3,46.53037037037037
2019-03-23,PM10,ug.m-3,41.82170542635654
2019-03-23,PM2.5,ug.m-3,30.598620689655174
2019-03-24,O3,ug.m-3,46.36592592592593
2019-03-24,PM10,ug.m-3,40.16194029850747
2019-03-24,PM2.5,ug.m-3,28.401724137931048
2019-03-25,O3,ug.m-3,64.67703703703704
2019-03-25,PM10,ug.m-3,25.863358778625948
2019-03-25,PM2.5,ug.m-3,9.171777003484328
2019-03-26,O3,ug.m-3,76.90638930163448
2019-03-26,PM10,ug.m-3,26.14112903225806
2019-03-26,PM2.5,ug.m-3,9.888275862068962
2019-03-27,O3,ug.m-3,57.56
2019-03-27,PM10,ug.m-3,34.54066390041493
2019-03-27,PM2.5,ug.m-3,18.77448275862068
2019-03-28,O3,ug.m-3,55.76148148148148
2019-03-28,PM10,ug.m-3,45.494800000000005
2019-03-28,PM2.5,ug.m-3,29.69335664335664
2019-03-29,O3,ug.m-3,33.665217391304346
2019-03-29,PM10,ug.m-3,36.711417322834656
2019-03-29,PM2.5,ug.m-3,21.18172413793104
2019-03-30,O3,ug.m-3,62.20392156862745
2019-03-30,PM10,ug.m-3,32.29747292418772
2019-03-30,PM2.5,ug.m-3,18.175666666666686
2019-03-31,O3,ug.m-3,64.09667194928684
2019-03-31,PM10,ug.m-3,37.27626459143973
2019-03-31,PM2.5,ug.m-3,23.0797833935018
2019-04-01,O3,ug.m-3,60.41242038216561
2019-04-01,PM10,ug.m-3,40.89609374999999
2019-04-01,PM2.5,ug.m-3,25.520216606498185
2019-04-02,O3,ug.m-3,65.12166666666667
2019-04-02,PM10,ug.m-3,25.253149606299203
2019-04-02,PM2.5,ug.m-3,15.009057971014496
2019-04-03,O3,ug.m-3,67.37267080745342
2019-04-03,PM10,ug.m-3,12.022689075630252
2019-04-03,PM2.5,ug.m-3,5.093893129770993
2019-04-04,O3,ug.m-3,61.53858024691358
2019-04-04,PM10,ug.m-3,16.980869565217386
2019-04-04,PM2.5,ug.m-3,8.824107142857143
2019-04-05,O3,ug.m-3,64.66666666666667
2019-04-05,PM10,ug.m-3,18.41858407079646
2019-04-05,PM2.5,ug.m-3,8.695491803278689
2019-04-06,O3,ug.m-3,62.64705882352941
2019-04-06,PM10,ug.m-3,21.31181102362206
2019-04-06,PM2.5,ug.m-3,14.657608695652181
2019-04-07,O3,ug.m-3,66.78395061728395
2019-04-07,PM10,ug.m-3,10.872156862745099
2019-04-07,PM2.5,ug.m-3,6.5696750902527095
2019-04-08,O3,ug.m-3,48.51547987616099
2019-04-08,PM10,ug.m-3,28.135365853658538
2019-04-08,PM2.5,ug.m-3,15.123272727272722
2019-04-09,O3,ug.m-3,48.28858024691358
2019-04-09,PM10,ug.m-3,22.968354430379758
2019-04-09,PM2.5,ug.m-3,15.33395522388059
2019-04-10,O3,ug.m-3,38.21141975308642
2019-04-10,PM10,ug.m-3,42.44031620553356
2019-04-10,PM2.5,ug.m-3,31.328776978417245
2019-04-11,O3,ug.m-3,61.52704791344668
2019-04-11,PM10,ug.m-3,33.06798418972333
2019-04-11,PM2.5,ug.m-3,20.764855072463774
2019-04-12,O3,ug.m-3,63.751543209876544
2019-04-12,PM10,ug.m-3,35.87928286852595
2019-04-12,PM2.5,ug.m-3,23.92226277372262
2019-04-13,O3,ug.m-3,67.62191358024691
2019-04-13,PM10,ug.m-3,23.759288537549402
2019-04-13,PM2.5,ug.m-3,17.17355072463769
2019-04-14,O3,ug.m-3,68.41203703703704
2019-04-14,PM10,ug.m-3,26.62589641434263
2019-04-14,PM2.5,ug.m-3,20.543321299638965
2019-04-15,O3,ug.m-3,62.38734567901235
2019-04-15,PM10,ug.m-3,33.88109243697476
2019-04-15,PM2.5,ug.m-3,20.948518518518526
2019-04-16,O3,ug.m-3,54.60339506172839
2019-04-16,PM10,ug.m-3,29.561395348837216
2019-04-16,PM2.5,ug.m-3,19.08587786259544
2019-04-17,O3,ug.m-3,54.004629629629626
2019-04-17,PM10,ug.m-3,24.04901960784313
2019-04-17,PM2.5,ug.m-3,12.01264822134387
2019-04-18,O3,ug.m-3,78.46367851622875
2019-04-18,PM10,ug.m-3,24.151152073732728
2019-04-18,PM2.5,ug.m-3,11.520599250936327
2019-04-19,O3,ug.m-3,78.56466876971609
2019-04-19,PM10,ug.m-3,29.918942731277536
2019-04-19,PM2.5,ug.m-3,13.84296028880865
2019-04-20,O3,ug.m-3,100.26614173228346
2019-04-20,PM10,ug.m-3,20.29917355371903
2019-04-20,PM2.5,ug.m-3,10.542537313432836
2019-04-21,O3,ug.m-3,89.66666666666667
2019-04-21,PM10,ug.m-3,26.218623481781403
2019-04-21,PM2.5,ug.m-3,15.30359712230217
2019-04-22,O3,ug.m-3,78.05417956656346
2019-04-22,PM10,ug.m-3,25.19838056680162
2019-04-22,PM2.5,ug.m-3,13.939928057553956
2019-04-23,O3,ug.m-3,49.63993710691824
2019-04-23,PM10,ug.m-3,35.095703125000014
2019-04-23,PM2.5,ug.m-3,14.378776978417267
2019-04-24,O3,ug.m-3,66.57407407407408
2019-04-24,PM10,ug.m-3,21.337354085603103
2019-04-24,PM2.5,ug.m-3,6.923880597014924
2019-04-25,O3,ug.m-3,69.87191358024691
2019-04-25,PM10,ug.m-3,13.925296442687747
2019-04-25,PM2.5,ug.m-3,5.385971223021582
2019-04-26,O3,ug.m-3,56.96474358974359
2019-04-26,PM10,ug.m-3,15.124291497975706
2019-04-26,PM2.5,ug.m-3,6.469003690036893
2019-04-27,O3,ug.m-3,78.15445859872611
2019-04-27,PM10,ug.m-3,17.417460317460325
2019-04-27,PM2.5,ug.m-3,5.796309963099632
2019-04-28,O3,ug.m-3,64.12037037037037
2019-04-28,PM10,ug.m-3,14.55685483870969
2019-04-28,PM2.5,ug.m-3,7.069784172661867
2019-04-29,O3,ug.m-3,48.06656346749226
2019-04-29,PM10,ug.m-3,19.60489795918366
2019-04-29,PM2.5,ug.m-3,10.349814126394046
2019-04-30,O3,ug.m-3,55.15264797507788
2019-04-30,PM10,ug.m-3,37.52469635627532
2019-04-30,PM2.5,ug.m-3,26.58676470588236
2019-05-01,O3,ug.m-3,59.98456790123457
2019-05-01,PM10,ug.m-3,38.79918032786887
2019-05-01,PM2.5,ug.m-3,29.639926739926732
2019-05-02,O3,ug.m-3,59.83179012345679
2019-05-02,PM10,ug.m-3,29.32198275862068
2019-05-02,PM2.5,ug.m-3,21.207037037037043
2019-05-03,O3,ug.m-3,53.41975308641975
2019-05-03,PM10,ug.m-3,19.849027237354075
2019-05-03,PM2.5,ug.m-3,9.988086642599281
2019-05-04,O3,ug.m-3,62.43485086342229
2019-05-04,PM10,ug.m-3,11.823921568627451
2019-05-04,PM2.5,ug.m-3,6.1165467625899295
2019-05-05,O3,ug.m-3,67.49780701754386
2019-05-05,PM10,ug.m-3,14.463921568627455
2019-05-05,PM2.5,ug.m-3,7.193525179856119
2019-05-06,O3,ug.m-3,59.94705882352941
2019-05-06,PM10,ug.m-3,22.411462450592886
2019-05-06,PM2.5,ug.m-3,10.320727272727272
2019-05-07,O3,ug.m-3,64.4401913875598
2019-05-07,PM10,ug.m-3,22.317898832684843
2019-05-07,PM2.5,ug.m-3,10.982962962962965
2019-05-08,O3,ug.m-3,69.65605095541402
2019-05-08,PM10,ug.m-3,12.867968750000006
2019-05-08,PM2.5,ug.m-3,7.202517985611511
2019-05-09,O3,ug.m-3,62.56172839506173
2019-05-09,PM10,ug.m-3,12.836328125
2019-05-09,PM2.5,ug.m-3,6.701094890510948
2019-05-10,O3,ug.m-3,53.63157894736842
2019-05-10,PM10,ug.m-3,15.794841269841273
2019-05-10,PM2.5,ug.m-3,8.073333333333338
2019-05-11,O3,ug.m-3,71.86574074074075
2019-05-11,PM10,ug.m-3,12.94862745098039
2019-05-11,PM2.5,ug.m-3,8.171223021582733
2019-05-12,O3,ug.m-3,73.0850622406639
2019-05-12,PM10,ug.m-3,14.514785992217897
2019-05-12,PM2.5,ug.m-3,8.030215827338132
2019-05-13,O3,ug.m-3,79.95481335952849
2019-05-13,PM10,ug.m-3,16.63464566929134
2019-05-13,PM2.5,ug.m-3,7.167625899280578
2019-05-14,O3,ug.m-3,79.3302034428795
2019-05-14,PM10,ug.m-3,20.177599999999995
2019-05-14,PM2.5,ug.m-3,8.026978417266184
2019-05-15,O3,ug.m-3,60.94074074074074
2019-05-15,PM10,ug.m-3,20.251829268292685
2019-05-15,PM2.5,ug.m-3,9.583636363636366
2019-05-16,O3,ug.m-3,95.37234042553192
2019-05-16,PM10,ug.m-3,17.67837837837839
2019-05-16,PM2.5,ug.m-3,7.577710843373493
2019-05-17,O3,ug.m-3,61.72784810126582
2019-05-17,PM10,ug.m-3,29.191828793774338
2019-05-17,PM2.5,ug.m-3,14.734892086330936
2019-05-18,O3,ug.m-3,61.57253086419753
2019-05-18,PM10,ug.m-3,14.538339920948625
2019-05-18,PM2.5,ug.m-3,10.024100719424462
2019-05-19,O3,ug.m-3,49.14043209876543
2019-05-19,PM10,ug.m-3,23.765725806451613
2019-05-19,PM2.5,ug.m-3,20.968248175182477
2019-05-20,O3,ug.m-3,70.48148148148148
2019-05-20,PM10,ug.m-3,17.80889830508475
2019-05-20,PM2.5,ug.m-3,11.636330935251806
2019-05-21,O3,ug.m-3,62.90981012658228
2019-05-21,PM10,ug.m-3,24.060085836909863
2019-05-21,PM2.5,ug.m-3,14.160071942446045
2019-05-22,O3,ug.m-3,71.17592592592592
2019-05-22,PM10,ug.m-3,24.62448979591836
2019-05-22,PM2.5,ug.m-3,11.997841726618708
2019-05-23,O3,ug.m-3,77.88562596599691
2019-05-23,PM10,ug.m-3,24.601239669421478
2019-05-23,PM2.5,ug.m-3,12.511231884057972
2019-05-24,O3,ug.m-3,77.18795180722891
2019-05-24,PM10,ug.m-3,20.386008230452664
2019-05-24,PM2.5,ug.m-3,10.83868613138687
2019-05-25,O3,ug.m-3,62.51464435146443
2019-05-25,PM10,ug.m-3,19.490336134453788
2019-05-25,PM2.5,ug.m-3,11.551985559566793
2019-05-26,O3,ug.m-3,48.27777777777778
2019-05-26,PM10,ug.m-3,12.537301587301581
2019-05-26,PM2.5,ug.m-3,7.935611510791368
2019-05-27,O3,ug.m-3,58.84544049459042
2019-05-27,PM10,ug.m-3,14.693004115226346
2019-05-27,PM2.5,ug.m-3,6.257194244604317
2019-05-28,O3,ug.m-3,53.435857805255026
2019-05-28,PM10,ug.m-3,15.664462809917357
2019-05-28,PM2.5,ug.m-3,5.85404411764706
2019-05-29,O3,ug.m-3,48.904059040590404
2019-05-29,PM10,ug.m-3,17.964777327935234
2019-05-29,PM2.5,ug.m-3,7.3858736059479515
2019-05-30,O3,ug.m-3,36.09380530973451
2019-05-30,PM10,ug.m-3,10.15019607843137
2019-05-30,PM2.5,ug.m-3,5.004263565891468
2019-05-31,O3,ug.m-3,44.153238546603475
2019-05-31,PM10,ug.m-3,16.78470588235295
2019-05-31,PM2.5,ug.m-3,8.805576208178437
2019-06-01,O3,ug.m-3,41.12222222222222
2019-06-01,PM10,ug.m-3,17.849218749999995
2019-06-01,PM2.5,ug.m-3,9.810071942446044
2019-06-02,O3,ug.m-3,85.99528301886792
2019-06-02,PM10,ug.m-3,17.78326180257511
2019-06-02,PM2.5,ug.m-3,8.817625899280577
2019-06-03,O3,ug.m-3,51.40228013029316
2019-06-03,PM10,ug.m-3,17.575982532751095
2019-06-03,PM2.5,ug.m-3,7.930797101449276
2019-06-04,O3,ug.m-3,46.04912280701755
2019-06-04,PM10,ug.m-3,21.11607142857144
2019-06-04,PM2.5,ug.m-3,9.007169811320752
2019-06-05,O3,ug.m-3,53.179310344827584
2019-06-05,PM10,ug.m-3,13.510434782608693
2019-06-05,PM2.5,ug.m-3,6.6366666666666685
2019-06-06,O3,ug.m-3,54.37011884550085
2019-06-06,PM10,ug.m-3,16.305194805194816
2019-06-06,PM2.5,ug.m-3,6.507490636704113
2019-06-07,O3,ug.m-3,67.89273356401384
2019-06-07,PM10,ug.m-3,18.22869565217391
2019-06-07,PM2.5,ug.m-3,4.724344569288387
2019-06-08,O3,ug.m-3,59.538079470198674
2019-06-08,PM10,ug.m-3,17.481105990783416
2019-06-08,PM2.5,ug.m-3,6.635251798561148
2019-06-09,O3,ug.m-3,47.24839743589744
2019-06-09,PM10,ug.m-3,14.735096153846143
2019-06-09,PM2.5,ug.m-3,7.580935251798561
2019-06-10,O3,ug.m-3,52.7275641025641
2019-06-10,PM10,ug.m-3,10.823655913978497
2019-06-10,PM2.5,ug.m-3,6.556722689075629
2019-06-11,O3,ug.m-3,48.46314102564103
2019-06-11,PM10,ug.m-3,14.055952380952379
2019-06-11,PM2.5,ug.m-3,6.710059171597631
2019-06-12,O3,ug.m-3,48.37559429477021
2019-06-12,PM10,ug.m-3,11.069590643274855
2019-06-12,PM2.5,ug.m-3,4.946601941747571
2019-06-13,O3,ug.m-3,57.026234567901234
2019-06-13,PM10,ug.m-3,16.861352657004826
2019-06-13,PM2.5,ug.m-3,6.557414448669207
2019-06-14,O3,ug.m-3,65.13734567901234
2019-06-14,PM10,ug.m-3,16.808536585365857
2019-06-14,PM2.5,ug.m-3,8.39598540145985
2019-06-15,O3,ug.m-3,63.56944444444444
2019-06-15,PM10,ug.m-3,13.37458333333333
2019-06-15,PM2.5,ug.m-3,7.439568345323739
2019-06-16,O3,ug.m-3,52.42746913580247
2019-06-16,PM10,ug.m-3,12.633864541832668
2019-06-16,PM2.5,ug.m-3,7.319424460431648
2019-06-17,O3,ug.m-3,44.945736434108525
2019-06-17,PM10,ug.m-3,18.2582329317269
2019-06-17,PM2.5,ug.m-3,8.418749999999998
2019-06-18,O3,ug.m-3,64.42333333333333
2019-06-18,PM10,ug.m-3,21.792996108949417
2019-06-18,PM2.5,ug.m-3,9.005035971223027
2019-06-19,O3,ug.m-3,71.9435736677116
2019-06-19,PM10,ug.m-3,21.86456692913385
2019-06-19,PM2.5,ug.m-3,8.947810218978105
2019-06-20,O3,ug.m-3,58.47574334898279
2019-06-20,PM10,ug.m-3,16.078988326848254
2019-06-20,PM2.5,ug.m-3,8.003597122302162
2019-06-21,O3,ug.m-3,60.857594936708864
2019-06-21,PM10,ug.m-3,15.469600000000016
2019-06-21,PM2.5,ug.m-3,6.394584837545128
2019-06-22,O3,ug.m-3,75.89351851851852
2019-06-22,PM10,ug.m-3,17.270038910505846
2019-06-22,PM2.5,ug.m-3,8.427338129496402
2019-06-23,O3,ug.m-3,81.30401234567901
2019-06-23,PM10,ug.m-3,19.173750000000005
2019-06-23,PM2.5,ug.m-3,11.631768953068594
2019-06-24,O3,ug.m-3,72.73529411764706
2019-06-24,PM10,ug.m-3,25.681967213114763
2019-06-24,PM2.5,ug.m-3,11.458545454545462
2019-06-25,O3,ug.m-3,83.12383900928792
2019-06-25,PM10,ug.m-3,29.312195121951227
2019-06-25,PM2.5,ug.m-3,14.439272727272717
2019-06-26,O3,ug.m-3,106.47058823529412
2019-06-26,PM10,ug.m-3,40.21535269709543
2019-06-26,PM2.5,ug.m-3,20.872363636363634
2019-06-27,O3,ug.m-3,100.36547433903577
2019-06-27,PM10,ug.m-3,33.26150442477878
2019-06-27,PM2.5,ug.m-3,14.740510948905111
2019-06-28,O3,ug.m-3,107.38632750397456
2019-06-28,PM10,ug.m-3,26.012446351931334
2019-06-28,PM2.5,ug.m-3,10.393165467625897
2019-06-29,O3,ug.m-3,109.90131578947368
2019-06-29,PM10,ug.m-3,21.871120689655175
2019-06-29,PM2.5,ug.m-3,11.608633093525185
2019-06-30,O3,ug.m-3,81.07
2019-06-30,PM10,ug.m-3,24.115584415584426
2019-06-30,PM2.5,ug.m-3,13.408759124087586
2019-07-01,O3,ug.m-3,64.62847790507365
2019-07-01,PM10,ug.m-3,17.559388646288212
2019-07-01,PM2.5,ug.m-3,6.963099630996307
2019-07-02,O3,ug.m-3,74.49342105263158
2019-07-02,PM10,ug.m-3,19.824796747967472
2019-07-02,PM2.5,ug.m-3,7.759489051094885
2019-07-03,O3,ug.m-3,53.388888888888886
2019-07-03,PM10,ug.m-3,23.126294820717145
2019-07-03,PM2.5,ug.m-3,6.1318181818181845
2019-07-04,O3,ug.m-3,102.37135278514589
2019-07-04,PM10,ug.m-3,23.73008130081301
2019-07-04,PM2.5,ug.m-3,8.849404761904756
2019-07-05,O3,ug.m-3,86.94444444444444
2019-07-05,PM10,ug.m-3,27.069444444444436
2019-07-05,PM2.5,ug.m-3,9.510469314079424
2019-07-06,O3,ug.m-3,99.50771604938272
2019-07-06,PM10,ug.m-3,24.276829268292683
2019-07-06,PM2.5,ug.m-3,10.328158844765342
2019-07-07,O3,ug.m-3,72.34142114384748
2019-07-07,PM10,ug.m-3,17.7392156862745
2019-07-07,PM2.5,ug.m-3,9.557194244604318
2019-07-08,O3,ug.m-3,78.15736040609137
2019-07-08,PM10,ug.m-3,19.755776892430294
2019-07-08,PM2.5,ug.m-3,7.392805755395685
2019-07-09,O3,ug.m-3,75.01543209876543
2019-07-09,PM10,ug.m-3,18.358167330677286
2019-07-09,PM2.5,ug.m-3,6.096837944664031
2019-07-10,O3,ug.m-3,84.01552795031056
2019-07-10,PM10,ug.m-3,27.091869918699192
2019-07-10,PM2.5,ug.m-3,10.336742424242418
2019-07-11,O3,ug.m-3,84.00156494522692
2019-07-11,PM10,ug.m-3,33.13589743589745
2019-07-11,PM2.5,ug.m-3,13.44375000000001
2019-07-12,O3,ug.m-3,61.48148148148148
2019-07-12,PM10,ug.m-3,17.020689655172426
2019-07-12,PM2.5,ug.m-3,7.324100719424454
2019-07-13,O3,ug.m-3,65.36111111111111
2019-07-13,PM10,ug.m-3,14.952838427947606
2019-07-13,PM2.5,ug.m-3,8.32572463768116
2019-07-14,O3,ug.m-3,62.910493827160494
2019-07-14,PM10,ug.m-3,13.084888888888882
2019-07-14,PM2.5,ug.m-3,7.289208633093531
2019-07-15,O3,ug.m-3,64.85339506172839
2019-07-15,PM10,ug.m-3,19.11171548117156
2019-07-15,PM2.5,ug.m-3,7.764944649446492
2019-07-16,O3,ug.m-3,72.53571428571429
2019-07-16,PM10,ug.m-3,26.321513944223096
2019-07-16,PM2.5,ug.m-3,11.270143884892086
2019-07-17,O3,ug.m-3,79.8902627511592
2019-07-17,PM10,ug.m-3,28.95425101214575
2019-07-17,PM2.5,ug.m-3,10.728057553956836
2019-07-18,O3,ug.m-3,59.55555555555556
2019-07-18,PM10,ug.m-3,22.411983471074375
2019-07-18,PM2.5,ug.m-3,7.940647482014392
2019-07-19,O3,ug.m-3,46.921052631578945
2019-07-19,PM10,ug.m-3,19.6516
2019-07-19,PM2.5,ug.m-3,7.624820143884883
2019-07-20,O3,ug.m-3,41.68269230769231
2019-07-20,PM10,ug.m-3,19.22236842105261
2019-07-20,PM2.5,ug.m-3,8.214444444444437
2019-07-21,O3,ug.m-3,37.78846153846154
2019-07-21,PM10,ug.m-3,14.748034934497825
2019-07-21,PM2.5,ug.m-3,6.535772357723575
2019-07-22,O3,ug.m-3,111.0238726790451
2019-07-22,PM10,ug.m-3,27.05530973451328
2019-07-22,PM2.5,ug.m-3,10.33522727272728
2019-07-23,O3,ug.m-3,89.512077294686
2019-07-23,PM10,ug.m-3,34.28206278026903
2019-07-23,PM2.5,ug.m-3,12.020577617328525
2019-07-24,O3,ug.m-3,106.02922077922078
2019-07-24,PM10,ug.m-3,41.523222748815144
2019-07-24,PM2.5,ug.m-3,16.705882352941178
2019-07-25,O3,ug.m-3,106.95611285266457
2019-07-25,PM10,ug.m-3,54.93472222222225
2019-07-25,PM2.5,ug.m-3,20.81152263374488
2019-07-26,O3,ug.m-3,66.69349845201238
2019-07-26,PM10,ug.m-3,26.68701298701299
2019-07-26,PM2.5,ug.m-3,11.110788381742736
2019-07-27,O3,ug.m-3,54.84567901234568
2019-07-27,PM10,ug.m-3,9.609956709956704
2019-07-27,PM2.5,ug.m-3,5.062921348314606
2019-07-28,O3,ug.m-3,57.69444444444444
2019-07-28,PM10,ug.m-3,15.686695278969962
2019-07-28,PM2.5,ug.m-3,7.317266187050359
2019-07-29,O3,ug.m-3,64.27932098765432
2019-07-29,PM10,ug.m-3,18.57896995708153
2019-07-29,PM2.5,ug.m-3,8.093884892086335
2019-07-30,O3,ug.m-3,58.089244851258584
2019-07-30,PM10,ug.m-3,20.531081081081084
2019-07-30,PM2.5,ug.m-3,6.433454545454545
2019-07-31,O3,ug.m-3,53.69120654396728
2019-07-31,PM10,ug.m-3,16.22758620689655
2019-07-31,PM2.5,ug.m-3,5.9144404332130005
2019-08-01,O3,ug.m-3,31.288888888888888
2019-08-01,PM10,ug.m-3,23.532314410480332
2019-08-01,PM2.5,ug.m-3,8.381222707423586
2019-08-02,O3,ug.m-3,88.92857142857143
2019-08-02,PM10,ug.m-3,19.234334763948514
2019-08-02,PM2.5,ug.m-3,7.261666666666668
2019-08-03,O3,ug.m-3,74.92129629629629
2019-08-03,PM10,ug.m-3,19.509442060085835
2019-08-03,PM2.5,ug.m-3,10.126181818181818
2019-08-04,O3,ug.m-3,77.4074074074074
2019-08-04,PM10,ug.m-3,16.969098712446353
2019-08-04,PM2.5,ug.m-3,8.85328467153285
2019-08-05,O3,ug.m-3,49.611111111111114
2019-08-05,PM10,ug.m-3,17.688841201716738
2019-08-05,PM2.5,ug.m-3,8.193918918918921
2019-08-06,O3,ug.m-3,43.26190476190476
2019-08-06,PM10,ug.m-3,13.189380530973452
2019-08-06,PM2.5,ug.m-3,5.277173913043478
2019-08-07,O3,ug.m-3,46.565891472868216
2019-08-07,PM10,ug.m-3,15.19049773755657
2019-08-07,PM2.5,ug.m-3,7.159469696969703
2019-08-08,O3,ug.m-3,55.59276729559748
2019-08-08,PM10,ug.m-3,19.928640776699034
2019-08-08,PM2.5,ug.m-3,8.643921568627444
2019-08-09,O3,ug.m-3,48.94444444444444
2019-08-09,PM10,ug.m-3,16.410091743119263
2019-08-09,PM2.5,ug.m-3,8.09849056603774
2019-08-10,O3,ug.m-3,67.66820987654322
2019-08-10,PM10,ug.m-3,18.23793103448275
2019-08-10,PM2.5,ug.m-3,8.155474452554742
2019-08-11,O3,ug.m-3,55.13425925925926
2019-08-11,PM10,ug.m-3,17.18841201716738
2019-08-11,PM2.5,ug.m-3,7.851272727272718
2019-08-12,O3,ug.m-3,53.089506172839506
2019-08-12,PM10,ug.m-3,12.617316017316009
2019-08-12,PM2.5,ug.m-3,5.997122302158269
2019-08-13,O3,ug.m-3,50.842948717948715
2019-08-13,PM10,ug.m-3,13.486547085201801
2019-08-13,PM2.5,ug.m-3,5.389015151515153
2019-08-14,O3,ug.m-3,49.38354037267081
2019-08-14,PM10,ug.m-3,13.206578947368419
2019-08-14,PM2.5,ug.m-3,5.438289962825279
2019-08-15,O3,ug.m-3,48.8287037037037
2019-08-15,PM10,ug.m-3,11.457831325301202
2019-08-15,PM2.5,ug.m-3,5.600363636363636
2019-08-16,O3,ug.m-3,46.4537037037037
2019-08-16,PM10,ug.m-3,15.656692913385829
2019-08-16,PM2.5,ug.m-3,6.772727272727274
2019-08-17,O3,ug.m-3,33.61300309597523
2019-08-17,PM10,ug.m-3,8.387937743190665
2019-08-17,PM2.5,ug.m-3,4.694871794871792
2019-08-18,O3,ug.m-3,41.523148148148145
2019-08-18,PM10,ug.m-3,8.411952191235061
2019-08-18,PM2.5,ug.m-3,4.125882352941175
2019-08-19,O3,ug.m-3,48.34413580246913
2019-08-19,PM10,ug.m-3,17.01411764705883
2019-08-19,PM2.5,ug.m-3,6.970542635658913
2019-08-20,O3,ug.m-3,56.82253086419753
2019-08-20,PM10,ug.m-3,19.013389121338918
2019-08-20,PM2.5,ug.m-3,7.629844961240307
2019-08-21,O3,ug.m-3,63.195859872611464
2019-08-21,PM10,ug.m-3,19.41359649122808
2019-08-21,PM2.5,ug.m-3,8.15252100840336
2019-08-22,O3,ug.m-3,71.05
2019-08-22,PM10,ug.m-3,22.867782426778227
2019-08-22,PM2.5,ug.m-3,9.151685393258422
2019-08-23,O3,ug.m-3,83.7608024691358
2019-08-23,PM10,ug.m-3,23.730645161290322
2019-08-23,PM2.5,ug.m-3,10.782835820895523
2019-08-24,O3,ug.m-3,74.9829457364341
2019-08-24,PM10,ug.m-3,21.765873015873026
2019-08-24,PM2.5,ug.m-3,12.717090909090908
2019-08-25,O3,ug.m-3,85.1003086419753
2019-08-25,PM10,ug.m-3,22.02008368200835
2019-08-25,PM2.5,ug.m-3,13.680935251798573
2019-08-26,O3,ug.m-3,80.30092592592592
2019-08-26,PM10,ug.m-3,27.94572649572651
2019-08-26,PM2.5,ug.m-3,13.307913669064753
2019-08-27,O3,ug.m-3,80.61265432098766
2019-08-27,PM10,ug.m-3,31.607692307692293
2019-08-27,PM2.5,ug.m-3,13.445683453237416
2019-08-28,O3,ug.m-3,68.47222222222223
2019-08-28,PM10,ug.m-3,26.43826086956522
2019-08-28,PM2.5,ug.m-3,12.539208633093516
2019-08-29,O3,ug.m-3,60.9611801242236
2019-08-29,PM10,ug.m-3,16.857476635514022
2019-08-29,PM2.5,ug.m-3,7.118631178707219
2019-08-30,O3,ug.m-3,67.31424148606811
2019-08-30,PM10,ug.m-3,21.861883408071748
2019-08-30,PM2.5,ug.m-3,7.777153558052431
2019-08-31,O3,ug.m-3,68.26388888888889
2019-08-31,PM10,ug.m-3,21.050427350427345
2019-08-31,PM2.5,ug.m-3,8.158633093525179
2019-09-01,O3,ug.m-3,60.79874213836478
2019-09-01,PM10,ug.m-3,13.44978165938865
2019-09-01,PM2.5,ug.m-3,4.928937728937735
2019-09-02,O3,ug.m-3,57.502332814930014
2019-09-02,PM10,ug.m-3,20.03043478260871
2019-09-02,PM2.5,ug.m-3,6.42
2019-09-03,O3,ug.m-3,52.06346749226006
2019-09-03,PM10,ug.m-3,22.219431279620864
2019-09-03,PM2.5,ug.m-3,7.436862745098036
2019-09-04,O3,ug.m-3,49.577639751552795
2019-09-04,PM10,ug.m-3,26.036714975845413
2019-09-04,PM2.5,ug.m-3,8.657677902621725
2019-09-05,O3,ug.m-3,48.18672839506173
2019-09-05,PM10,ug.m-3,17.66422018348624
2019-09-05,PM2.5,ug.m-3,5.879166666666668
2019-09-06,O3,ug.m-3,51.54489164086687
2019-09-06,PM10,ug.m-3,22.1728448275862
2019-09-06,PM2.5,ug.m-3,7.542040816326528
2019-09-07,O3,ug.m-3,47.382716049382715
2019-09-07,PM10,ug.m-3,12.94663677130044
2019-09-07,PM2.5,ug.m-3,5.445323741007193
2019-09-08,O3,ug.m-3,56.41203703703704
2019-09-08,PM10,ug.m-3,13.543111111111102
2019-09-08,PM2.5,ug.m-3,4.956115107913673
2019-09-09,O3,ug.m-3,46.373643410852715
2019-09-09,PM10,ug.m-3,21.302631578947384
2019-09-09,PM2.5,ug.m-3,7.628057553956834
2019-09-10,O3,ug.m-3,56.51013513513514
2019-09-10,PM10,ug.m-3,21.15982142857144
2019-09-10,PM2.5,ug.m-3,7.391007194244602
2019-09-11,O3,ug.m-3,47.38425925925926
2019-09-11,PM10,ug.m-3,21.89953703703704
2019-09-11,PM2.5,ug.m-3,7.138129496402872
2019-09-12,O3,ug.m-3,30.91820987654321
2019-09-12,PM10,ug.m-3,15.272857142857132
2019-09-12,PM2.5,ug.m-3,4.678832116788321
2019-09-13,O3,ug.m-3,27.243827160493826
2019-09-13,PM10,ug.m-3,17.60858369098713
2019-09-13,PM2.5,ug.m-3,6.575179856115106
2019-09-14,O3,ug.m-3,47.86687306501548
2019-09-14,PM10,ug.m-3,18.903125000000006
2019-09-14,PM2.5,ug.m-3,8.884420289855079
2019-09-15,O3,ug.m-3,65.046875
2019-09-15,PM10,ug.m-3,21.08684210526316
2019-09-15,PM2.5,ug.m-3,11.059259259259255
2019-09-16,O3,ug.m-3,53.4435736677116
2019-09-16,PM10,ug.m-3,23.453526970954364
2019-09-16,PM2.5,ug.m-3,8.82361623616237
2019-09-17,O3,ug.m-3,50.1838351822504
2019-09-17,PM10,ug.m-3,21.97872340425532
2019-09-17,PM2.5,ug.m-3,9.222779922779933
2019-09-18,O3,ug.m-3,58.878836833602584
2019-09-18,PM10,ug.m-3,26.624892703862642
2019-09-18,PM2.5,ug.m-3,7.6978448275862
2019-09-19,O3,ug.m-3,55.74503311258278
2019-09-19,PM10,ug.m-3,22.771138211382116
2019-09-19,PM2.5,ug.m-3,6.574999999999999
2019-09-20,O3,ug.m-3,60.13793103448276
2019-09-20,PM10,ug.m-3,27.327199999999994
2019-09-20,PM2.5,ug.m-3,6.53791821561338
2019-09-21,O3,ug.m-3,62.14043209876543
2019-09-21,PM10,ug.m-3,26.450793650793667
2019-09-21,PM2.5,ug.m-3,9.927697841726616
2019-09-22,O3,ug.m-3,52.13744075829384
2019-09-22,PM10,ug.m-3,14.398804780876487
2019-09-22,PM2.5,ug.m-3,7.030337078651684
2019-09-23,O3,ug.m-3,33.9250936329588
2019-09-23,PM10,ug.m-3,16.09613733905579
2019-09-23,PM2.5,ug.m-3,5.6852140077821005
2019-09-24,O3,ug.m-3,44.832417582417584
2019-09-24,PM10,ug.m-3,13.01703056768559
2019-09-24,PM2.5,ug.m-3,5.574308300395259
2019-09-25,O3,ug.m-3,43.38815789473684
2019-09-25,PM10,ug.m-3,17.153777777777773
2019-09-25,PM2.5,ug.m-3,6.807874015748029
2019-09-26,O3,ug.m-3,51.68971061093247
2019-09-26,PM10,ug.m-3,18.439336492890998
2019-09-26,PM2.5,ug.m-3,7.265354330708659
2019-09-27,O3,ug.m-3,49.41783216783217
2019-09-27,PM10,ug.m-3,16.439901477832503
2019-09-27,PM2.5,ug.m-3,5.896069868995635
2019-09-28,O3,ug.m-3,55.381410256410255
2019-09-28,PM10,ug.m-3,14.36781115879828
2019-09-28,PM2.5,ug.m-3,5.828063241106722
2019-09-29,O3,ug.m-3,57.719551282051285
2019-09-29,PM10,ug.m-3,10.097747747747759
2019-09-29,PM2.5,ug.m-3,4.7947999999999995
2019-09-30,O3,ug.m-3,50.362760834670944
2019-09-30,PM10,ug.m-3,16.79484978540773
2019-09-30,PM2.5,ug.m-3,6.129921259842519
2019-10-01,O3,ug.m-3,43.42147435897436
2019-10-01,PM10,ug.m-3,12.862445414847166
2019-10-01,PM2.5,ug.m-3,4.590650406504061
2019-10-02,O3,ug.m-3,49.624373956594326
2019-10-02,PM10,ug.m-3,14.762882096069863
2019-10-02,PM2.5,ug.m-3,5.483730158730157
2019-10-03,O3,ug.m-3,30.729903536977492
2019-10-03,PM10,ug.m-3,24.487962962962964
2019-10-03,PM2.5,ug.m-3,10.648015873015874
2019-10-04,O3,ug.m-3,47.78365384615385
2019-10-04,PM10,ug.m-3,21.21628959276018
2019-10-04,PM2.5,ug.m-3,8.560629921259839
2019-10-05,O3,ug.m-3,36.86698717948718
2019-10-05,PM10,ug.m-3,12.900000000000004
2019-10-05,PM2.5,ug.m-3,6.7996062992126
2019-10-06,O3,ug.m-3,53.41977309562399
2019-10-06,PM10,ug.m-3,13.06355555555556
2019-10-06,PM2.5,ug.m-3,5.968253968253966
2019-10-07,O3,ug.m-3,47.34670947030497
2019-10-07,PM10,ug.m-3,16.779111111111117
2019-10-07,PM2.5,ug.m-3,6.361316872427987
2019-10-08,O3,ug.m-3,39.85096153846154
2019-10-08,PM10,ug.m-3,11.592105263157896
2019-10-08,PM2.5,ug.m-3,5.906779661016949
2019-10-09,O3,ug.m-3,46.22596153846154
2019-10-09,PM10,ug.m-3,15.012328767123284
2019-10-09,PM2.5,ug.m-3,5.697590361445778
2019-10-10,O3,ug.m-3,40.3349358974359
2019-10-10,PM10,ug.m-3,22.021333333333335
2019-10-10,PM2.5,ug.m-3,7.88228346456693
2019-10-11,O3,ug.m-3,40.79677419354839
2019-10-11,PM10,ug.m-3,18.956250000000008
2019-10-11,PM2.5,ug.m-3,7.499604743083004
2019-10-12,O3,ug.m-3,34.967948717948715
2019-10-12,PM10,ug.m-3,23.62888888888888
2019-10-12,PM2.5,ug.m-3,11.251968503937015
2019-10-13,O3,ug.m-3,47.48076923076923
2019-10-13,PM10,ug.m-3,20.64847161572053
2019-10-13,PM2.5,ug.m-3,8.994881889763782
2019-10-14,O3,ug.m-3,51.74679487179487
2019-10-14,PM10,ug.m-3,22.44133333333333
2019-10-14,PM2.5,ug.m-3,7.889328063241109
2019-10-15,O3,ug.m-3,51.1875
2019-10-15,PM10,ug.m-3,16.158604651162808
2019-10-15,PM2.5,ug.m-3,5.576095617529879
2019-10-16,O3,ug.m-3,50.0
2019-10-16,PM10,ug.m-3,12.790140845070422
2019-10-16,PM2.5,ug.m-3,4.4125984251968475
2019-10-17,O3,ug.m-3,43.11378205128205
2019-10-17,PM10,ug.m-3,12.760294117647051
2019-10-17,PM2.5,ug.m-3,4.794400000000004
2019-10-18,O3,ug.m-3,60.45032051282051
2019-10-18,PM10,ug.m-3,16.542342342342344
2019-10-18,PM2.5,ug.m-3,5.238188976377955
2019-10-19,O3,ug.m-3,45.32852564102564
2019-10-19,PM10,ug.m-3,13.251555555555546
2019-10-19,PM2.5,ug.m-3,7.305158730158728
2019-10-20,O3,ug.m-3,38.93709677419355
2019-10-20,PM10,ug.m-3,10.195999999999994
2019-10-20,PM2.5,ug.m-3,6.136725663716816
2019-10-21,O3,ug.m-3,44.26442307692308
2019-10-21,PM10,ug.m-3,15.16971153846154
2019-10-21,PM2.5,ug.m-3,6.733177570093462
2019-10-22,O3,ug.m-3,19.884057971014492
2019-10-22,PM10,ug.m-3,26.014423076923087
2019-10-22,PM2.5,ug.m-3,13.002755905511812
2019-10-23,O3,ug.m-3,12.912408759124087
2019-10-23,PM10,ug.m-3,30.95535714285713
2019-10-23,PM2.5,ug.m-3,14.033070866141731
2019-10-24,O3,ug.m-3,36.183673469387756
2019-10-24,PM10,ug.m-3,20.3969298245614
2019-10-24,PM2.5,ug.m-3,8.053543307086613
2019-10-25,O3,ug.m-3,35.107371794871796
2019-10-25,PM10,ug.m-3,19.050218340611362
2019-10-25,PM2.5,ug.m-3,7.454330708661423
2019-10-26,O3,ug.m-3,40.381270903010034
2019-10-26,PM10,ug.m-3,14.125628140703522
2019-10-26,PM2.5,ug.m-3,5.781081081081086
2019-10-27,O3,ug.m-3,43.36923076923077
2019-10-27,PM10,ug.m-3,11.577339901477831
2019-10-27,PM2.5,ug.m-3,6.497925311203324
2019-10-28,O3,ug.m-3,40.167692307692306
2019-10-28,PM10,ug.m-3,18.375877192982458
2019-10-28,PM2.5,ug.m-3,7.605078125000003
2019-10-29,O3,ug.m-3,34.7442218798151
2019-10-29,PM10,ug.m-3,17.935111111111112
2019-10-29,PM2.5,ug.m-3,8.697701149425285
2019-10-30,O3,ug.m-3,15.165378670788254
2019-10-30,PM10,ug.m-3,29.458050847457624
2019-10-30,PM2.5,ug.m-3,15.627822580645164
2019-10-31,O3,ug.m-3,5.489230769230769
2019-10-31,PM10,ug.m-3,30.389130434782608
2019-10-31,PM2.5,ug.m-3,18.01557377049181
2019-11-01,O3,ug.m-3,20.20979020979021
2019-11-01,PM10,ug.m-3,16.723300970873787
2019-11-01,PM2.5,ug.m-3,11.916831683168317
